-- phpMyAdmin SQL Dump
-- version 5.2.1
-- https://www.phpmyadmin.net/
--
-- Host: 127.0.0.1
-- Generation Time: Jan 10, 2026 at 11:35 AM
-- Server version: 10.4.32-MariaDB
-- PHP Version: 8.2.12

SET SQL_MODE = "NO_AUTO_VALUE_ON_ZERO";
START TRANSACTION;
SET time_zone = "+00:00";


/*!40101 SET @OLD_CHARACTER_SET_CLIENT=@@CHARACTER_SET_CLIENT */;
/*!40101 SET @OLD_CHARACTER_SET_RESULTS=@@CHARACTER_SET_RESULTS */;
/*!40101 SET @OLD_COLLATION_CONNECTION=@@COLLATION_CONNECTION */;
/*!40101 SET NAMES utf8mb4 */;

--
-- Database: `adhee_hardware`
--

-- --------------------------------------------------------

--
-- Table structure for table `cart`
--

CREATE TABLE `cart` (
  `id` int(11) NOT NULL,
  `user_id` int(11) DEFAULT NULL,
  `session_id` varchar(255) DEFAULT NULL,
  `product_id` int(11) DEFAULT NULL,
  `quantity` int(11) NOT NULL DEFAULT 1,
  `date_added` timestamp NOT NULL DEFAULT current_timestamp()
) ENGINE=InnoDB DEFAULT CHARSET=utf8mb4 COLLATE=utf8mb4_general_ci;

--
-- Dumping data for table `cart`
--

INSERT INTO `cart` (`id`, `user_id`, `session_id`, `product_id`, `quantity`, `date_added`) VALUES
(85, NULL, NULL, 26, 1, '2025-05-06 01:00:32'),
(86, NULL, NULL, 27, 1, '2025-05-13 10:15:58'),
(93, NULL, 's62q12r580u3np88st0u1u1e14', 28, 1, '2025-12-22 11:53:54'),
(94, NULL, '95hkkpnes8vgt20r10hl78qf52', 27, 1, '2025-12-22 13:08:22'),
(103, NULL, '3eamuf9ertdedmn7u670ab9tdu', 28, 1, '2025-12-22 14:04:40'),
(104, NULL, 'e65i1g6friqm78bp2tn4j6tmb6', 28, 1, '2025-12-22 15:06:25'),
(105, NULL, '44rm1usgal698bt12g452tjieh', 35, 1, '2025-12-23 16:10:25'),
(107, NULL, 'tmgk7kd9iaf6ussjvlkmgc74ng', 32, 1, '2025-12-23 16:12:02'),
(111, NULL, '96vb03qeble3eks1ubgq6eq1im', 31, 1, '2025-12-23 16:34:37'),
(113, NULL, 'jhuo2qoembd4qi9ll7e491h4iu', 28, 1, '2025-12-23 18:24:15'),
(116, 24, NULL, 28, 2, '2025-12-26 03:34:42'),
(120, 26, NULL, 28, 1, '2025-12-27 12:58:53');

-- --------------------------------------------------------

--
-- Table structure for table `notifications`
--

CREATE TABLE `notifications` (
  `id` int(11) NOT NULL,
  `user_id` int(11) NOT NULL,
  `order_id` int(11) DEFAULT NULL,
  `message` text NOT NULL,
  `type` varchar(50) DEFAULT 'order_update',
  `is_read` tinyint(1) DEFAULT 0,
  `created_at` timestamp NOT NULL DEFAULT current_timestamp()
) ENGINE=InnoDB DEFAULT CHARSET=utf8mb4 COLLATE=utf8mb4_general_ci;

--
-- Dumping data for table `notifications`
--

INSERT INTO `notifications` (`id`, `user_id`, `order_id`, `message`, `type`, `is_read`, `created_at`) VALUES
(1, 29, 40, 'Your order is being processed (Order #40)', 'order_update', 1, '2025-12-27 16:59:24'),
(2, 29, 41, 'Your order has been cancelled (Order #41)', 'order_update', 1, '2025-12-27 17:38:44'),
(3, 29, 41, 'Your order is being processed (Order #41)', 'order_update', 0, '2025-12-27 17:43:36'),
(4, 29, 42, 'Your order is being processed (Order #42)', 'order_update', 0, '2025-12-28 03:51:12'),
(5, 29, 42, 'Your order has been cancelled (Order #42)', 'order_update', 1, '2025-12-28 03:52:13'),
(6, 29, 42, 'Your order has been completed! 🎉 (Order #42)', 'order_update', 1, '2025-12-28 03:52:55'),
(7, 25, 37, 'Your order is being processed (Order #37)', 'order_update', 0, '2025-12-28 03:53:43'),
(8, 29, 40, 'Your order has been cancelled (Order #40)', 'order_update', 0, '2025-12-30 05:01:24'),
(9, 29, 45, 'Your order has been completed! 🎉 (Order #45)', 'order_update', 0, '2025-12-30 06:20:29'),
(10, 36, 46, 'Your order is being processed (Order #46)', 'order_update', 0, '2026-01-08 05:46:24');

-- --------------------------------------------------------

--
-- Table structure for table `orders`
--

CREATE TABLE `orders` (
  `id` int(11) NOT NULL,
  `user_id` int(11) DEFAULT NULL,
  `order_date` datetime DEFAULT current_timestamp(),
  `status` varchar(50) DEFAULT 'pending',
  `total_amount` decimal(10,2) DEFAULT 0.00
) ENGINE=InnoDB DEFAULT CHARSET=utf8mb4 COLLATE=utf8mb4_general_ci;

--
-- Dumping data for table `orders`
--

INSERT INTO `orders` (`id`, `user_id`, `order_date`, `status`, `total_amount`) VALUES
(1, NULL, '2025-04-23 11:25:32', 'completed', 7460.00),
(2, NULL, '2025-02-18 11:25:32', 'completed', 1565.50),
(3, NULL, '2025-02-26 11:25:32', 'completed', 2600.00),
(4, NULL, '2025-04-27 11:25:32', 'completed', 39525.00),
(5, NULL, '2025-04-23 11:25:32', 'completed', 37589.90),
(6, NULL, '2025-02-06 11:25:32', 'completed', 2100.00),
(7, NULL, '2025-04-11 11:25:32', 'completed', 7695.00),
(8, NULL, '2025-02-16 11:25:32', 'completed', 3924.00),
(9, NULL, '2025-02-16 11:25:32', 'completed', 8245.90),
(10, NULL, '2025-03-03 11:25:32', 'completed', 5485.00),
(11, NULL, '2025-04-02 11:25:32', 'completed', 4551.00),
(12, NULL, '2025-04-20 11:25:32', 'completed', 6409.50),
(13, NULL, '2025-03-01 11:25:32', 'completed', 4700.00),
(14, NULL, '2025-02-07 11:25:32', 'completed', 2280.00),
(15, NULL, '2025-04-27 11:25:32', 'completed', 2675.00),
(16, NULL, '2025-03-08 11:25:32', 'completed', 4700.40),
(17, NULL, '2025-03-25 11:25:32', 'completed', 62400.00),
(18, NULL, '2025-02-22 11:25:32', 'completed', 6534.00),
(19, NULL, '2025-04-27 11:25:32', 'completed', 24041.00),
(20, NULL, '2025-04-16 11:25:32', 'completed', 4459.00),
(24, 14, '2025-12-22 18:42:09', 'pending', 8190.86),
(25, 14, '2025-12-22 18:42:40', 'pending', 4785.21),
(26, 15, '2025-12-22 19:04:35', 'pending', 8190.86),
(27, 16, '2025-12-22 19:12:17', 'pending', 15353.37),
(28, 16, '2025-12-22 19:32:11', 'pending', 9738.41),
(29, 16, '2025-12-22 19:33:30', 'pending', 12586.72),
(30, 17, '2025-12-23 21:41:24', 'pending', 4478.03),
(31, 18, '2025-12-23 21:43:12', 'pending', 7612.55),
(32, 18, '2025-12-23 21:43:50', 'pending', 2265.37),
(33, 18, '2025-12-23 21:46:22', 'pending', 15353.37),
(34, 22, '2025-12-23 22:05:37', 'pending', 1006.80),
(35, 23, '2025-12-24 00:06:24', 'pending', 8190.86),
(36, 24, '2025-12-26 09:04:29', 'pending', 8190.86),
(37, 25, '2025-12-27 17:58:22', 'processing', 7801.51),
(38, 25, '2025-12-27 18:04:05', 'pending', 8190.86),
(39, 26, '2025-12-27 18:05:21', 'Complete', 8190.86),
(40, 29, '2025-12-27 22:07:30', 'cancelled', 2265.37),
(41, 29, '2025-12-27 23:08:27', 'processing', 968.45),
(42, 29, '2025-12-28 00:55:24', 'completed', 968.45),
(43, 36, '2025-12-30 11:38:04', 'pending', 15353.37),
(44, 36, '2025-12-30 11:39:02', 'pending', 15353.37),
(45, 29, '2025-12-30 11:40:20', 'completed', 15353.37),
(46, 36, '2026-01-08 11:15:39', 'processing', 8190.86);

-- --------------------------------------------------------

--
-- Table structure for table `order_items`
--

CREATE TABLE `order_items` (
  `id` int(11) NOT NULL,
  `order_id` int(11) NOT NULL,
  `product_id` int(11) NOT NULL,
  `quantity` int(11) NOT NULL DEFAULT 1,
  `price` decimal(10,2) NOT NULL
) ENGINE=InnoDB DEFAULT CHARSET=utf8mb4 COLLATE=utf8mb4_general_ci;

--
-- Dumping data for table `order_items`
--

INSERT INTO `order_items` (`id`, `order_id`, `product_id`, `quantity`, `price`) VALUES
(1, 1, 34, 2, 230.00),
(3, 2, 35, 1, 1308.00),
(4, 2, 34, 1, 257.50),
(5, 3, 28, 1, 2600.00),
(6, 4, 34, 1, 225.00),
(7, 4, 31, 3, 10500.00),
(8, 4, 28, 3, 2600.00),
(9, 5, 31, 3, 10600.00),
(10, 5, 26, 1, 1395.00),
(11, 5, 33, 1, 74.90),
(12, 5, 26, 3, 1440.00),
(13, 6, 30, 3, 329.00),
(14, 6, 30, 3, 371.00),
(15, 7, 34, 2, 250.00),
(16, 7, 27, 3, 693.00),
(17, 7, 32, 2, 768.00),
(18, 7, 28, 1, 2250.00),
(19, 7, 27, 2, 665.00),
(20, 8, 32, 3, 808.00),
(21, 8, 26, 1, 1500.00),
(22, 9, 30, 3, 318.50),
(23, 9, 33, 2, 70.70),
(24, 9, 26, 3, 1575.00),
(25, 9, 35, 2, 1212.00),
(26, 10, 26, 3, 1650.00),
(27, 10, 34, 2, 267.50),
(28, 11, 32, 3, 768.00),
(29, 11, 27, 3, 749.00),
(30, 12, 26, 2, 1530.00),
(32, 12, 33, 2, 65.80),
(33, 12, 33, 1, 67.90),
(34, 13, 28, 2, 2350.00),
(35, 14, 32, 3, 760.00),
(36, 15, 28, 1, 2675.00),
(37, 16, 32, 2, 872.00),
(38, 16, 33, 2, 70.70),
(39, 16, 30, 3, 357.00),
(40, 16, 32, 2, 872.00),
(41, 17, 31, 3, 10800.00),
(42, 17, 31, 3, 10000.00),
(43, 18, 28, 2, 2525.00),
(44, 18, 27, 2, 742.00),
(45, 19, 31, 2, 9100.00),
(46, 19, 35, 3, 1212.00),
(47, 19, 34, 3, 250.00),
(48, 19, 26, 1, 1455.00),
(49, 20, 27, 1, 749.00),
(50, 20, 34, 1, 245.00),
(52, 24, 27, 1, 8190.86),
(53, 25, 26, 1, 4785.21),
(54, 26, 27, 1, 8190.86),
(55, 27, 31, 1, 15353.37),
(56, 28, 32, 2, 968.45),
(57, 28, 28, 1, 7801.51),
(58, 29, 28, 1, 7801.51),
(59, 29, 26, 1, 4785.21),
(60, 30, 33, 1, 4478.03),
(61, 31, 38, 1, 7612.55),
(62, 32, 34, 1, 2265.37),
(63, 33, 31, 1, 15353.37),
(64, 34, 36, 1, 1006.80),
(65, 35, 27, 1, 8190.86),
(66, 36, 27, 1, 8190.86),
(67, 37, 28, 1, 7801.51),
(68, 38, 27, 1, 8190.86),
(69, 39, 27, 1, 8190.86),
(70, 40, 34, 1, 2265.37),
(71, 41, 32, 1, 968.45),
(72, 42, 32, 1, 968.45),
(73, 43, 31, 1, 15353.37),
(74, 44, 31, 1, 15353.37),
(75, 45, 31, 1, 15353.37),
(76, 46, 27, 1, 8190.86);

-- --------------------------------------------------------

--
-- Table structure for table `price_history`
--

CREATE TABLE `price_history` (
  `id` int(11) NOT NULL,
  `product_id` int(11) NOT NULL,
  `old_price` decimal(10,2) DEFAULT NULL,
  `price` decimal(10,2) NOT NULL,
  `date_changed` datetime NOT NULL,
  `changed_by` varchar(50) DEFAULT NULL
) ENGINE=InnoDB DEFAULT CHARSET=utf8mb4 COLLATE=utf8mb4_general_ci;

--
-- Dumping data for table `price_history`
--

INSERT INTO `price_history` (`id`, `product_id`, `old_price`, `price`, `date_changed`, `changed_by`) VALUES
(8, 27, NULL, 8400.00, '2025-05-07 15:23:05', 'Dynamic Pricing Script'),
(9, 28, NULL, 12000.00, '2025-05-07 15:23:05', 'Dynamic Pricing Script'),
(10, 30, NULL, 720.00, '2025-05-07 15:23:05', 'Dynamic Pricing Script'),
(11, 31, NULL, 14400.00, '2025-05-07 15:23:05', 'Dynamic Pricing Script'),
(12, 32, NULL, 1440.00, '2025-05-07 15:23:05', 'Dynamic Pricing Script'),
(13, 33, NULL, 10800.00, '2025-05-07 15:23:05', 'Dynamic Pricing Script'),
(14, 34, NULL, 6000.00, '2025-05-07 15:23:05', 'Dynamic Pricing Script'),
(15, 35, NULL, 3000.00, '2025-05-07 15:23:05', 'Dynamic Pricing Script'),
(16, 36, NULL, 4200.00, '2025-05-07 15:23:05', 'Dynamic Pricing Script'),
(17, 38, NULL, 3600.00, '2025-05-07 15:23:05', 'Dynamic Pricing Script'),
(18, 47, NULL, 22400.00, '2025-05-07 15:23:05', 'Dynamic Pricing Script'),
(19, 48, NULL, 68000.00, '2025-05-07 15:23:05', 'Dynamic Pricing Script'),
(20, 49, NULL, 248000.00, '2025-05-07 15:23:05', 'Dynamic Pricing Script'),
(21, 25, NULL, 56000.00, '2025-05-07 15:23:52', 'Dynamic Pricing Script'),
(22, 26, NULL, 7200.00, '2025-05-07 15:23:52', 'Dynamic Pricing Script'),
(23, 27, NULL, 10080.00, '2025-05-07 15:23:52', 'Dynamic Pricing Script'),
(24, 28, NULL, 14400.00, '2025-05-07 15:23:52', 'Dynamic Pricing Script'),
(25, 30, NULL, 864.00, '2025-05-07 15:23:52', 'Dynamic Pricing Script'),
(26, 31, NULL, 17280.00, '2025-05-07 15:23:52', 'Dynamic Pricing Script'),
(27, 32, NULL, 1728.00, '2025-05-07 15:23:52', 'Dynamic Pricing Script'),
(28, 33, NULL, 12960.00, '2025-05-07 15:23:52', 'Dynamic Pricing Script'),
(29, 34, NULL, 7200.00, '2025-05-07 15:23:52', 'Dynamic Pricing Script'),
(30, 35, NULL, 3600.00, '2025-05-07 15:23:52', 'Dynamic Pricing Script'),
(31, 36, NULL, 5040.00, '2025-05-07 15:23:52', 'Dynamic Pricing Script'),
(32, 38, NULL, 4320.00, '2025-05-07 15:23:52', 'Dynamic Pricing Script'),
(33, 47, NULL, 17920.00, '2025-05-07 15:23:52', 'Dynamic Pricing Script'),
(34, 48, NULL, 54400.00, '2025-05-07 15:23:52', 'Dynamic Pricing Script'),
(35, 49, NULL, 198400.00, '2025-05-07 15:23:52', 'Dynamic Pricing Script'),
(36, 25, NULL, 56000.00, '2025-05-07 15:24:24', 'Dynamic Pricing Script'),
(37, 25, NULL, 56991.12, '2025-05-07 15:26:50', 'Dynamic Pricing Script'),
(38, 47, NULL, 26880.00, '2025-05-07 15:26:50', 'Dynamic Pricing Script'),
(39, 25, NULL, 58076.81, '2025-05-07 15:27:03', 'Dynamic Pricing Script'),
(40, 25, NULL, 58076.81, '2025-05-07 15:27:04', 'Dynamic Pricing Script'),
(41, 25, NULL, 84000.00, '2025-05-07 15:27:36', 'Dynamic Pricing Script'),
(42, 25, NULL, 84000.00, '2025-05-07 15:27:38', 'Dynamic Pricing Script'),
(43, 25, NULL, 84000.00, '2025-05-07 15:28:24', 'Dynamic Pricing Script'),
(44, 47, NULL, 17920.00, '2025-05-07 15:28:24', 'Dynamic Pricing Script'),
(45, 25, NULL, 84000.00, '2025-05-07 15:28:38', 'Dynamic Pricing Script'),
(46, 25, NULL, 84000.00, '2025-05-07 15:28:40', 'Dynamic Pricing Script'),
(47, 25, NULL, 84000.00, '2025-05-07 15:28:45', 'Dynamic Pricing Script'),
(48, 25, NULL, 84000.00, '2025-05-07 15:28:46', 'Dynamic Pricing Script'),
(49, 25, NULL, 84000.00, '2025-05-07 15:31:31', 'Dynamic Pricing Script'),
(50, 25, NULL, 84000.00, '2025-05-07 15:32:35', 'Dynamic Pricing Script'),
(51, 25, NULL, 84000.00, '2025-05-07 15:32:55', 'Dynamic Pricing Script'),
(52, 25, NULL, 97824.58, '2025-05-07 15:37:04', 'Dynamic Pricing Script'),
(53, 26, NULL, 8640.00, '2025-05-07 15:37:04', 'Dynamic Pricing Script'),
(54, 27, NULL, 12096.00, '2025-05-07 15:37:04', 'Dynamic Pricing Script'),
(55, 28, NULL, 16862.93, '2025-05-07 15:37:04', 'Dynamic Pricing Script'),
(56, 30, NULL, 1036.80, '2025-05-07 15:37:04', 'Dynamic Pricing Script'),
(57, 31, NULL, 18507.09, '2025-05-07 15:37:04', 'Dynamic Pricing Script'),
(58, 32, NULL, 2073.60, '2025-05-07 15:37:04', 'Dynamic Pricing Script'),
(59, 33, NULL, 15552.00, '2025-05-07 15:37:04', 'Dynamic Pricing Script'),
(60, 34, NULL, 8640.00, '2025-05-07 15:37:04', 'Dynamic Pricing Script'),
(61, 35, NULL, 4320.00, '2025-05-07 15:37:04', 'Dynamic Pricing Script'),
(62, 36, NULL, 6048.00, '2025-05-07 15:37:04', 'Dynamic Pricing Script'),
(63, 38, NULL, 5184.00, '2025-05-07 15:37:04', 'Dynamic Pricing Script'),
(64, 47, NULL, 14523.62, '2025-05-07 15:37:04', 'Dynamic Pricing Script'),
(65, 48, NULL, 43520.00, '2025-05-07 15:37:04', 'Dynamic Pricing Script'),
(66, 49, NULL, 158720.00, '2025-05-07 15:37:04', 'Dynamic Pricing Script'),
(67, 25, NULL, 100521.15, '2025-05-07 15:38:26', 'Dynamic Pricing Script'),
(68, 28, NULL, 16476.06, '2025-05-07 15:38:26', 'Dynamic Pricing Script'),
(69, 31, NULL, 17402.23, '2025-05-07 15:38:26', 'Dynamic Pricing Script'),
(70, 47, NULL, 15446.81, '2025-05-07 15:38:26', 'Dynamic Pricing Script'),
(71, 25, NULL, 100590.73, '2025-05-07 15:38:45', 'Dynamic Pricing Script'),
(72, 28, NULL, 16462.01, '2025-05-07 15:38:45', 'Dynamic Pricing Script'),
(73, 31, NULL, 17379.86, '2025-05-07 15:38:45', 'Dynamic Pricing Script'),
(74, 47, NULL, 15448.42, '2025-05-07 15:38:45', 'Dynamic Pricing Script'),
(75, 25, NULL, 100590.65, '2025-05-07 15:38:49', 'Dynamic Pricing Script'),
(76, 28, NULL, 16456.94, '2025-05-07 15:38:49', 'Dynamic Pricing Script'),
(77, 31, NULL, 17375.61, '2025-05-07 15:38:49', 'Dynamic Pricing Script'),
(78, 47, NULL, 15441.97, '2025-05-07 15:38:49', 'Dynamic Pricing Script'),
(79, 25, NULL, 100590.04, '2025-05-07 15:46:21', 'Dynamic Pricing Script'),
(80, 28, NULL, 16454.09, '2025-05-07 15:46:21', 'Dynamic Pricing Script'),
(81, 31, NULL, 17373.31, '2025-05-07 15:46:21', 'Dynamic Pricing Script'),
(82, 47, NULL, 15438.19, '2025-05-07 15:46:21', 'Dynamic Pricing Script'),
(83, 25, NULL, 100589.68, '2025-05-07 15:51:32', 'Dynamic Pricing Script'),
(84, 28, NULL, 16452.47, '2025-05-07 15:51:32', 'Dynamic Pricing Script'),
(85, 31, NULL, 17372.00, '2025-05-07 15:51:32', 'Dynamic Pricing Script'),
(86, 47, NULL, 15436.04, '2025-05-07 15:51:32', 'Dynamic Pricing Script'),
(87, 25, NULL, 8000.00, '2025-05-07 15:53:37', 'Dynamic Pricing Script'),
(88, 28, NULL, 15794.33, '2025-05-07 15:53:37', 'Dynamic Pricing Script'),
(89, 31, NULL, 17443.61, '2025-05-07 15:53:37', 'Dynamic Pricing Script'),
(90, 33, NULL, 15244.57, '2025-05-07 15:53:37', 'Dynamic Pricing Script'),
(91, 47, NULL, 14336.00, '2025-05-07 15:53:37', 'Dynamic Pricing Script'),
(92, 25, NULL, 8000.00, '2025-05-07 15:53:44', 'Dynamic Pricing Script'),
(93, 28, NULL, 15398.06, '2025-05-07 15:53:44', 'Dynamic Pricing Script'),
(94, 31, NULL, 17127.63, '2025-05-07 15:53:44', 'Dynamic Pricing Script'),
(95, 33, NULL, 14821.53, '2025-05-07 15:53:44', 'Dynamic Pricing Script'),
(96, 25, NULL, 8000.00, '2025-05-07 15:54:44', 'Dynamic Pricing Script'),
(97, 28, NULL, 15688.28, '2025-05-07 15:54:44', 'Dynamic Pricing Script'),
(98, 31, NULL, 17269.36, '2025-05-07 15:54:44', 'Dynamic Pricing Script'),
(99, 33, NULL, 15161.25, '2025-05-07 15:54:44', 'Dynamic Pricing Script'),
(100, 25, NULL, 8000.00, '2025-05-07 15:54:47', 'Dynamic Pricing Script'),
(101, 28, NULL, 15815.42, '2025-05-07 15:54:47', 'Dynamic Pricing Script'),
(102, 31, NULL, 17374.23, '2025-05-07 15:54:47', 'Dynamic Pricing Script'),
(103, 33, NULL, 15295.81, '2025-05-07 15:54:47', 'Dynamic Pricing Script'),
(104, 25, NULL, 8000.00, '2025-05-07 15:54:55', 'Dynamic Pricing Script'),
(105, 28, NULL, 15874.46, '2025-05-07 15:54:55', 'Dynamic Pricing Script'),
(106, 31, NULL, 17423.10, '2025-05-07 15:54:55', 'Dynamic Pricing Script'),
(107, 33, NULL, 15358.24, '2025-05-07 15:54:55', 'Dynamic Pricing Script'),
(108, 25, NULL, 8000.00, '2025-05-07 15:55:02', 'Dynamic Pricing Script'),
(109, 28, NULL, 15901.89, '2025-05-07 15:55:02', 'Dynamic Pricing Script'),
(110, 31, NULL, 17445.80, '2025-05-07 15:55:02', 'Dynamic Pricing Script'),
(111, 33, NULL, 15387.25, '2025-05-07 15:55:02', 'Dynamic Pricing Script'),
(112, 25, NULL, 8000.00, '2025-05-07 15:55:37', 'Dynamic Pricing Script'),
(113, 28, NULL, 15360.11, '2025-05-07 15:55:37', 'Dynamic Pricing Script'),
(114, 31, NULL, 17087.84, '2025-05-07 15:55:37', 'Dynamic Pricing Script'),
(115, 33, NULL, 14784.20, '2025-05-07 15:55:37', 'Dynamic Pricing Script'),
(116, 25, NULL, 8000.00, '2025-05-07 15:55:53', 'Dynamic Pricing Script'),
(117, 28, NULL, 15112.56, '2025-05-07 15:55:53', 'Dynamic Pricing Script'),
(118, 31, NULL, 16884.76, '2025-05-07 15:55:53', 'Dynamic Pricing Script'),
(119, 33, NULL, 14521.82, '2025-05-07 15:55:53', 'Dynamic Pricing Script'),
(120, 25, NULL, 8000.00, '2025-05-07 15:56:15', 'Dynamic Pricing Script'),
(121, 28, NULL, 14996.37, '2025-05-07 15:56:15', 'Dynamic Pricing Script'),
(122, 31, NULL, 16789.28, '2025-05-07 15:56:15', 'Dynamic Pricing Script'),
(123, 33, NULL, 14398.73, '2025-05-07 15:56:15', 'Dynamic Pricing Script'),
(124, 25, NULL, 9000.00, '2025-05-07 15:56:47', 'Dynamic Pricing Script'),
(125, 28, NULL, 14941.82, '2025-05-07 15:56:47', 'Dynamic Pricing Script'),
(126, 31, NULL, 16744.45, '2025-05-07 15:56:47', 'Dynamic Pricing Script'),
(127, 33, NULL, 14340.94, '2025-05-07 15:56:47', 'Dynamic Pricing Script'),
(128, 25, NULL, 9000.00, '2025-05-07 15:56:52', 'Dynamic Pricing Script'),
(129, 28, NULL, 14916.21, '2025-05-07 15:56:52', 'Dynamic Pricing Script'),
(130, 31, NULL, 16723.41, '2025-05-07 15:56:52', 'Dynamic Pricing Script'),
(131, 33, NULL, 14313.81, '2025-05-07 15:56:52', 'Dynamic Pricing Script'),
(132, 25, NULL, 9000.00, '2025-05-07 15:57:05', 'Dynamic Pricing Script'),
(133, 28, NULL, 14904.19, '2025-05-07 15:57:05', 'Dynamic Pricing Script'),
(134, 31, NULL, 16713.53, '2025-05-07 15:57:05', 'Dynamic Pricing Script'),
(135, 33, NULL, 14301.07, '2025-05-07 15:57:05', 'Dynamic Pricing Script'),
(136, 25, NULL, 9000.00, '2025-05-07 15:57:59', 'Dynamic Pricing Script'),
(137, 28, NULL, 12958.46, '2025-05-07 15:57:59', 'Dynamic Pricing Script'),
(138, 31, NULL, 16984.73, '2025-05-07 15:57:59', 'Dynamic Pricing Script'),
(139, 33, NULL, 11616.37, '2025-05-07 15:57:59', 'Dynamic Pricing Script'),
(140, 25, NULL, 9000.00, '2025-05-07 15:58:10', 'Dynamic Pricing Script'),
(141, 28, NULL, 12173.41, '2025-05-07 15:58:10', 'Dynamic Pricing Script'),
(142, 31, NULL, 16366.96, '2025-05-07 15:58:10', 'Dynamic Pricing Script'),
(143, 33, NULL, 10775.56, '2025-05-07 15:58:10', 'Dynamic Pricing Script'),
(144, 25, NULL, 9000.00, '2025-05-07 15:58:21', 'Dynamic Pricing Script'),
(145, 28, NULL, 11801.82, '2025-05-07 15:58:21', 'Dynamic Pricing Script'),
(146, 31, NULL, 16068.32, '2025-05-07 15:58:21', 'Dynamic Pricing Script'),
(147, 33, NULL, 10379.65, '2025-05-07 15:58:21', 'Dynamic Pricing Script'),
(148, 25, NULL, 9000.00, '2025-05-07 15:58:22', 'Dynamic Pricing Script'),
(149, 28, NULL, 11625.46, '2025-05-07 15:58:22', 'Dynamic Pricing Script'),
(150, 31, NULL, 15926.54, '2025-05-07 15:58:22', 'Dynamic Pricing Script'),
(151, 33, NULL, 10368.00, '2025-05-07 15:58:22', 'Dynamic Pricing Script'),
(152, 25, NULL, 9000.00, '2025-05-07 16:00:10', 'Dynamic Pricing Script'),
(153, 28, NULL, 11573.90, '2025-05-07 16:00:10', 'Dynamic Pricing Script'),
(154, 31, NULL, 15884.46, '2025-05-07 16:00:10', 'Dynamic Pricing Script'),
(155, 25, NULL, 8452.47, '2025-05-07 16:20:02', 'Dynamic Pricing Script'),
(156, 28, NULL, 11559.36, '2025-05-07 16:20:02', 'Dynamic Pricing Script'),
(157, 31, NULL, 15872.57, '2025-05-07 16:20:02', 'Dynamic Pricing Script'),
(158, 25, NULL, 8453.17, '2025-05-07 16:20:04', 'Dynamic Pricing Script'),
(159, 28, NULL, 11555.26, '2025-05-07 16:20:04', 'Dynamic Pricing Script'),
(160, 31, NULL, 15869.21, '2025-05-07 16:20:04', 'Dynamic Pricing Script'),
(161, 25, NULL, 8453.37, '2025-05-07 16:20:04', 'Dynamic Pricing Script'),
(162, 28, NULL, 11554.10, '2025-05-07 16:20:04', 'Dynamic Pricing Script'),
(163, 31, NULL, 15868.27, '2025-05-07 16:20:04', 'Dynamic Pricing Script'),
(164, 25, NULL, 8453.43, '2025-05-07 16:20:20', 'Dynamic Pricing Script'),
(165, 28, NULL, 11553.77, '2025-05-07 16:20:20', 'Dynamic Pricing Script'),
(166, 31, NULL, 15868.00, '2025-05-07 16:20:20', 'Dynamic Pricing Script'),
(167, 25, NULL, 8453.44, '2025-05-07 16:20:41', 'Dynamic Pricing Script'),
(168, 28, NULL, 11553.68, '2025-05-07 16:20:41', 'Dynamic Pricing Script'),
(169, 31, NULL, 15867.92, '2025-05-07 16:20:41', 'Dynamic Pricing Script'),
(170, 25, NULL, 4000.00, '2025-05-07 16:21:49', 'Dynamic Pricing Script'),
(171, 28, NULL, 12224.57, '2025-05-07 16:21:49', 'Dynamic Pricing Script'),
(172, 31, NULL, 16142.95, '2025-05-07 16:21:49', 'Dynamic Pricing Script'),
(173, 33, NULL, 10918.44, '2025-05-07 16:21:49', 'Dynamic Pricing Script'),
(174, 25, NULL, 4000.00, '2025-05-07 16:21:51', 'Dynamic Pricing Script'),
(175, 28, NULL, 12472.54, '2025-05-07 16:21:51', 'Dynamic Pricing Script'),
(176, 31, NULL, 16343.70, '2025-05-07 16:21:51', 'Dynamic Pricing Script'),
(177, 33, NULL, 11182.15, '2025-05-07 16:21:51', 'Dynamic Pricing Script'),
(178, 25, NULL, 4000.00, '2025-05-07 16:22:27', 'Dynamic Pricing Script'),
(179, 28, NULL, 11951.02, '2025-05-07 16:22:27', 'Dynamic Pricing Script'),
(180, 31, NULL, 15923.90, '2025-05-07 16:22:27', 'Dynamic Pricing Script'),
(181, 33, NULL, 10626.73, '2025-05-07 16:22:27', 'Dynamic Pricing Script'),
(182, 25, NULL, 4000.00, '2025-05-07 16:22:29', 'Dynamic Pricing Script'),
(183, 28, NULL, 11702.65, '2025-05-07 16:22:29', 'Dynamic Pricing Script'),
(184, 31, NULL, 15724.04, '2025-05-07 16:22:29', 'Dynamic Pricing Script'),
(185, 33, NULL, 10368.00, '2025-05-07 16:22:29', 'Dynamic Pricing Script'),
(186, 25, NULL, 4000.00, '2025-05-07 16:22:39', 'Dynamic Pricing Script'),
(187, 28, NULL, 11585.43, '2025-05-07 16:22:39', 'Dynamic Pricing Script'),
(188, 31, NULL, 15629.69, '2025-05-07 16:22:39', 'Dynamic Pricing Script'),
(189, 25, NULL, 4000.00, '2025-05-07 16:22:48', 'Dynamic Pricing Script'),
(190, 28, NULL, 11552.43, '2025-05-07 16:22:48', 'Dynamic Pricing Script'),
(191, 31, NULL, 15602.73, '2025-05-07 16:22:48', 'Dynamic Pricing Script'),
(192, 25, NULL, 4000.00, '2025-05-07 16:30:31', 'Dynamic Pricing Script'),
(193, 28, NULL, 11543.09, '2025-05-07 16:30:31', 'Dynamic Pricing Script'),
(194, 31, NULL, 15595.10, '2025-05-07 16:30:31', 'Dynamic Pricing Script'),
(195, 25, NULL, 4000.00, '2025-05-07 16:30:33', 'Dynamic Pricing Script'),
(196, 28, NULL, 11540.45, '2025-05-07 16:30:33', 'Dynamic Pricing Script'),
(197, 31, NULL, 15592.93, '2025-05-07 16:30:33', 'Dynamic Pricing Script'),
(198, 25, NULL, 4000.00, '2025-05-07 16:30:40', 'Dynamic Pricing Script'),
(199, 28, NULL, 11539.70, '2025-05-07 16:30:40', 'Dynamic Pricing Script'),
(200, 31, NULL, 15592.32, '2025-05-07 16:30:40', 'Dynamic Pricing Script'),
(201, 25, NULL, 4000.00, '2025-05-07 16:30:53', 'Dynamic Pricing Script'),
(202, 28, NULL, 11539.49, '2025-05-07 16:30:53', 'Dynamic Pricing Script'),
(203, 31, NULL, 15592.15, '2025-05-07 16:30:53', 'Dynamic Pricing Script'),
(204, 25, NULL, 4000.00, '2025-05-07 16:30:54', 'Dynamic Pricing Script'),
(205, 28, NULL, 11539.43, '2025-05-07 16:30:54', 'Dynamic Pricing Script'),
(206, 31, NULL, 15592.10, '2025-05-07 16:30:54', 'Dynamic Pricing Script'),
(207, 25, NULL, 4000.00, '2025-05-07 16:35:09', 'Dynamic Pricing Script'),
(208, 28, NULL, 11539.41, '2025-05-07 16:35:09', 'Dynamic Pricing Script'),
(209, 31, NULL, 15592.09, '2025-05-07 16:35:09', 'Dynamic Pricing Script'),
(210, 25, NULL, 4000.00, '2025-05-07 16:35:10', 'Dynamic Pricing Script'),
(211, 28, NULL, 11539.40, '2025-05-07 16:35:10', 'Dynamic Pricing Script'),
(212, 31, NULL, 15592.08, '2025-05-07 16:35:10', 'Dynamic Pricing Script'),
(213, 25, NULL, 4000.00, '2025-05-07 16:36:37', 'Dynamic Pricing Script'),
(214, 28, NULL, 11539.40, '2025-05-07 16:36:37', 'Dynamic Pricing Script'),
(215, 31, NULL, 15592.08, '2025-05-07 16:36:37', 'Dynamic Pricing Script'),
(216, 25, NULL, 4000.00, '2025-05-07 16:41:59', 'Dynamic Pricing Script'),
(217, 28, NULL, 11539.40, '2025-05-07 16:41:59', 'Dynamic Pricing Script'),
(218, 31, NULL, 15592.08, '2025-05-07 16:41:59', 'Dynamic Pricing Script'),
(219, 25, NULL, 30000.00, '2025-05-07 16:42:43', 'Dynamic Pricing Script'),
(220, 26, NULL, 10368.00, '2025-05-07 16:42:43', 'Dynamic Pricing Script'),
(221, 27, NULL, 14515.20, '2025-05-07 16:42:43', 'Dynamic Pricing Script'),
(222, 28, NULL, 11539.40, '2025-05-07 16:42:43', 'Dynamic Pricing Script'),
(223, 30, NULL, 1244.16, '2025-05-07 16:42:43', 'Dynamic Pricing Script'),
(224, 31, NULL, 15592.08, '2025-05-07 16:42:43', 'Dynamic Pricing Script'),
(225, 32, NULL, 2488.32, '2025-05-07 16:42:43', 'Dynamic Pricing Script'),
(226, 33, NULL, 10188.51, '2025-05-07 16:42:43', 'Dynamic Pricing Script'),
(227, 34, NULL, 10368.00, '2025-05-07 16:42:43', 'Dynamic Pricing Script'),
(228, 35, NULL, 5184.00, '2025-05-07 16:42:43', 'Dynamic Pricing Script'),
(229, 36, NULL, 7257.60, '2025-05-07 16:42:43', 'Dynamic Pricing Script'),
(230, 38, NULL, 6220.80, '2025-05-07 16:42:43', 'Dynamic Pricing Script'),
(231, 47, NULL, 11468.80, '2025-05-07 16:42:43', 'Dynamic Pricing Script'),
(232, 48, NULL, 34816.00, '2025-05-07 16:42:43', 'Dynamic Pricing Script'),
(233, 49, NULL, 126976.00, '2025-05-07 16:42:43', 'Dynamic Pricing Script'),
(234, 25, NULL, 30000.00, '2025-05-07 16:42:44', 'Dynamic Pricing Script'),
(235, 28, NULL, 10807.11, '2025-05-07 16:42:44', 'Dynamic Pricing Script'),
(236, 31, NULL, 14099.08, '2025-05-07 16:42:44', 'Dynamic Pricing Script'),
(237, 33, NULL, 9709.78, '2025-05-07 16:42:44', 'Dynamic Pricing Script'),
(238, 25, NULL, 30000.00, '2025-05-07 16:42:45', 'Dynamic Pricing Script'),
(239, 28, NULL, 10389.79, '2025-05-07 16:42:45', 'Dynamic Pricing Script'),
(240, 31, NULL, 13757.16, '2025-05-07 16:42:45', 'Dynamic Pricing Script'),
(241, 33, NULL, 9267.33, '2025-05-07 16:42:45', 'Dynamic Pricing Script'),
(242, 25, NULL, 30000.00, '2025-05-07 16:42:47', 'Dynamic Pricing Script'),
(243, 28, NULL, 10190.59, '2025-05-07 16:42:48', 'Dynamic Pricing Script'),
(244, 31, NULL, 13596.83, '2025-05-07 16:42:48', 'Dynamic Pricing Script'),
(245, 33, NULL, 9055.17, '2025-05-07 16:42:48', 'Dynamic Pricing Script'),
(246, 25, NULL, 30000.00, '2025-05-07 16:43:00', 'Dynamic Pricing Script'),
(247, 28, NULL, 10095.72, '2025-05-07 16:43:00', 'Dynamic Pricing Script'),
(248, 31, NULL, 13520.49, '2025-05-07 16:43:00', 'Dynamic Pricing Script'),
(249, 33, NULL, 8954.13, '2025-05-07 16:43:00', 'Dynamic Pricing Script'),
(250, 25, NULL, 30000.00, '2025-05-07 16:43:32', 'Dynamic Pricing Script'),
(251, 28, NULL, 10050.54, '2025-05-07 16:43:32', 'Dynamic Pricing Script'),
(252, 31, NULL, 13484.13, '2025-05-07 16:43:32', 'Dynamic Pricing Script'),
(253, 33, NULL, 8906.01, '2025-05-07 16:43:32', 'Dynamic Pricing Script'),
(254, 25, NULL, 47158.54, '2025-05-07 16:49:47', 'Dynamic Pricing Script'),
(255, 28, NULL, 10072.75, '2025-05-07 16:49:47', 'Dynamic Pricing Script'),
(256, 31, NULL, 12548.47, '2025-05-07 16:49:47', 'Dynamic Pricing Script'),
(257, 33, NULL, 9247.51, '2025-05-07 16:49:47', 'Dynamic Pricing Script'),
(258, 25, NULL, 47181.12, '2025-05-07 16:49:49', 'Dynamic Pricing Script'),
(259, 28, NULL, 10010.97, '2025-05-07 16:49:49', 'Dynamic Pricing Script'),
(260, 31, NULL, 12492.31, '2025-05-07 16:49:49', 'Dynamic Pricing Script'),
(261, 33, NULL, 9183.85, '2025-05-07 16:49:49', 'Dynamic Pricing Script'),
(262, 25, NULL, 47181.70, '2025-05-07 16:50:01', 'Dynamic Pricing Script'),
(263, 28, NULL, 9981.06, '2025-05-07 16:50:01', 'Dynamic Pricing Script'),
(264, 31, NULL, 12473.66, '2025-05-07 16:50:01', 'Dynamic Pricing Script'),
(265, 33, NULL, 9152.01, '2025-05-07 16:50:01', 'Dynamic Pricing Script'),
(266, 25, NULL, 36416.37, '2025-05-07 16:52:05', 'Dynamic Pricing Script'),
(267, 28, NULL, 13447.96, '2025-05-07 16:52:05', 'Dynamic Pricing Script'),
(268, 31, NULL, 14527.33, '2025-05-07 16:52:05', 'Dynamic Pricing Script'),
(269, 33, NULL, 12441.60, '2025-05-07 16:52:05', 'Dynamic Pricing Script'),
(270, 47, NULL, 12493.26, '2025-05-07 16:52:05', 'Dynamic Pricing Script'),
(271, 25, NULL, 36922.19, '2025-05-07 16:52:07', 'Dynamic Pricing Script'),
(272, 28, NULL, 13847.28, '2025-05-07 16:52:07', 'Dynamic Pricing Script'),
(273, 31, NULL, 15873.42, '2025-05-07 16:52:07', 'Dynamic Pricing Script'),
(274, 47, NULL, 14711.74, '2025-05-07 16:52:07', 'Dynamic Pricing Script'),
(275, 25, NULL, 38204.73, '2025-05-07 16:52:53', 'Dynamic Pricing Script'),
(276, 31, NULL, 17078.60, '2025-05-07 16:52:53', 'Dynamic Pricing Script'),
(277, 47, NULL, 17203.20, '2025-05-07 16:52:53', 'Dynamic Pricing Script'),
(278, 25, NULL, 38624.02, '2025-05-07 16:52:54', 'Dynamic Pricing Script'),
(279, 31, NULL, 17623.36, '2025-05-07 16:52:54', 'Dynamic Pricing Script'),
(280, 25, NULL, 38634.51, '2025-05-07 16:53:03', 'Dynamic Pricing Script'),
(281, 31, NULL, 17686.20, '2025-05-07 16:53:03', 'Dynamic Pricing Script'),
(282, 25, NULL, 38635.72, '2025-05-07 16:53:17', 'Dynamic Pricing Script'),
(283, 31, NULL, 17693.45, '2025-05-07 16:53:17', 'Dynamic Pricing Script'),
(284, 28, NULL, 13242.54, '2025-05-07 16:59:39', 'Dynamic Pricing Script'),
(285, 31, NULL, 16158.40, '2025-05-07 16:59:39', 'Dynamic Pricing Script'),
(286, 33, NULL, 12270.59, '2025-05-07 16:59:39', 'Dynamic Pricing Script'),
(287, 47, NULL, 11468.80, '2025-05-07 16:59:39', 'Dynamic Pricing Script'),
(288, 28, NULL, 11582.80, '2025-05-07 17:01:31', 'Dynamic Pricing Script'),
(289, 31, NULL, 14022.48, '2025-05-07 17:01:31', 'Dynamic Pricing Script'),
(290, 33, NULL, 10769.58, '2025-05-07 17:01:31', 'Dynamic Pricing Script'),
(291, 50, NULL, 23781.19, '2025-05-07 17:01:31', 'Dynamic Pricing Script'),
(292, 28, NULL, 10705.41, '2025-05-07 17:01:33', 'Dynamic Pricing Script'),
(293, 31, NULL, 13985.73, '2025-05-07 17:01:33', 'Dynamic Pricing Script'),
(294, 33, NULL, 9611.98, '2025-05-07 17:01:33', 'Dynamic Pricing Script'),
(295, 50, NULL, 27106.97, '2025-05-07 17:01:33', 'Dynamic Pricing Script'),
(296, 26, NULL, 2000.00, '2025-05-07 17:16:28', 'Dynamic Pricing Script'),
(297, 27, NULL, 7000.00, '2025-05-07 17:16:28', 'Dynamic Pricing Script'),
(298, 28, NULL, 3000.00, '2025-05-07 17:16:28', 'Dynamic Pricing Script'),
(299, 30, NULL, 2150.00, '2025-05-07 17:16:28', 'Dynamic Pricing Script'),
(300, 31, NULL, 12200.00, '2025-05-07 17:16:28', 'Dynamic Pricing Script'),
(301, 32, NULL, 950.00, '2025-05-07 17:16:28', 'Dynamic Pricing Script'),
(302, 33, NULL, 450.00, '2025-05-07 17:16:28', 'Dynamic Pricing Script'),
(303, 34, NULL, 2210.00, '2025-05-07 17:16:28', 'Dynamic Pricing Script'),
(304, 35, NULL, 6160.00, '2025-05-07 17:16:28', 'Dynamic Pricing Script'),
(305, 36, NULL, 500.00, '2025-05-07 17:16:28', 'Dynamic Pricing Script'),
(306, 38, NULL, 7880.00, '2025-05-07 17:16:28', 'Dynamic Pricing Script'),
(307, 47, NULL, 55000.00, '2025-05-07 17:16:28', 'Dynamic Pricing Script'),
(308, 48, NULL, 76000.00, '2025-05-07 17:16:28', 'Dynamic Pricing Script'),
(309, 49, NULL, 14000.00, '2025-05-07 17:16:28', 'Dynamic Pricing Script'),
(310, 50, NULL, 29000.00, '2025-05-07 17:16:28', 'Dynamic Pricing Script'),
(311, 26, NULL, 2000.00, '2025-05-07 17:16:28', 'Dynamic Pricing Script'),
(312, 27, NULL, 7000.00, '2025-05-07 17:16:28', 'Dynamic Pricing Script'),
(313, 28, NULL, 3000.00, '2025-05-07 17:16:28', 'Dynamic Pricing Script'),
(314, 30, NULL, 2150.00, '2025-05-07 17:16:28', 'Dynamic Pricing Script'),
(315, 31, NULL, 12200.00, '2025-05-07 17:16:28', 'Dynamic Pricing Script'),
(316, 32, NULL, 950.00, '2025-05-07 17:16:28', 'Dynamic Pricing Script'),
(317, 33, NULL, 450.00, '2025-05-07 17:16:28', 'Dynamic Pricing Script'),
(318, 34, NULL, 2210.00, '2025-05-07 17:16:28', 'Dynamic Pricing Script'),
(319, 35, NULL, 6160.00, '2025-05-07 17:16:28', 'Dynamic Pricing Script'),
(320, 36, NULL, 500.00, '2025-05-07 17:16:28', 'Dynamic Pricing Script'),
(321, 38, NULL, 7880.00, '2025-05-07 17:16:28', 'Dynamic Pricing Script'),
(322, 47, NULL, 55000.00, '2025-05-07 17:16:28', 'Dynamic Pricing Script'),
(323, 48, NULL, 76000.00, '2025-05-07 17:16:28', 'Dynamic Pricing Script'),
(324, 49, NULL, 14000.00, '2025-05-07 17:16:28', 'Dynamic Pricing Script'),
(325, 50, NULL, 29000.00, '2025-05-07 17:16:28', 'Dynamic Pricing Script'),
(326, 26, NULL, 2000.00, '2025-05-07 17:16:46', 'Dynamic Pricing Script'),
(327, 27, NULL, 7000.00, '2025-05-07 17:16:46', 'Dynamic Pricing Script'),
(328, 28, NULL, 3000.00, '2025-05-07 17:16:46', 'Dynamic Pricing Script'),
(329, 30, NULL, 2150.00, '2025-05-07 17:16:46', 'Dynamic Pricing Script'),
(330, 31, NULL, 12200.00, '2025-05-07 17:16:46', 'Dynamic Pricing Script'),
(331, 32, NULL, 950.00, '2025-05-07 17:16:46', 'Dynamic Pricing Script'),
(332, 33, NULL, 450.00, '2025-05-07 17:16:46', 'Dynamic Pricing Script'),
(333, 34, NULL, 2210.00, '2025-05-07 17:16:46', 'Dynamic Pricing Script'),
(334, 35, NULL, 6160.00, '2025-05-07 17:16:46', 'Dynamic Pricing Script'),
(335, 36, NULL, 500.00, '2025-05-07 17:16:46', 'Dynamic Pricing Script'),
(336, 38, NULL, 7880.00, '2025-05-07 17:16:46', 'Dynamic Pricing Script'),
(337, 47, NULL, 55000.00, '2025-05-07 17:16:46', 'Dynamic Pricing Script'),
(338, 48, NULL, 76000.00, '2025-05-07 17:16:46', 'Dynamic Pricing Script'),
(339, 49, NULL, 14000.00, '2025-05-07 17:16:46', 'Dynamic Pricing Script'),
(340, 50, NULL, 29000.00, '2025-05-07 17:16:46', 'Dynamic Pricing Script'),
(341, 26, NULL, 2000.00, '2025-05-07 17:16:50', 'Dynamic Pricing Script'),
(342, 27, NULL, 7000.00, '2025-05-07 17:16:50', 'Dynamic Pricing Script'),
(343, 28, NULL, 3000.00, '2025-05-07 17:16:50', 'Dynamic Pricing Script'),
(344, 30, NULL, 2150.00, '2025-05-07 17:16:50', 'Dynamic Pricing Script'),
(345, 31, NULL, 12200.00, '2025-05-07 17:16:50', 'Dynamic Pricing Script'),
(346, 32, NULL, 950.00, '2025-05-07 17:16:50', 'Dynamic Pricing Script'),
(347, 33, NULL, 450.00, '2025-05-07 17:16:50', 'Dynamic Pricing Script'),
(348, 34, NULL, 2210.00, '2025-05-07 17:16:50', 'Dynamic Pricing Script'),
(349, 35, NULL, 6160.00, '2025-05-07 17:16:50', 'Dynamic Pricing Script'),
(350, 36, NULL, 500.00, '2025-05-07 17:16:50', 'Dynamic Pricing Script'),
(351, 38, NULL, 7880.00, '2025-05-07 17:16:50', 'Dynamic Pricing Script'),
(352, 47, NULL, 55000.00, '2025-05-07 17:16:50', 'Dynamic Pricing Script'),
(353, 48, NULL, 76000.00, '2025-05-07 17:16:50', 'Dynamic Pricing Script'),
(354, 49, NULL, 14000.00, '2025-05-07 17:16:50', 'Dynamic Pricing Script'),
(355, 50, NULL, 29000.00, '2025-05-07 17:16:50', 'Dynamic Pricing Script'),
(356, 26, NULL, 2000.00, '2025-05-07 17:17:52', 'Dynamic Pricing Script'),
(357, 27, NULL, 7000.00, '2025-05-07 17:17:52', 'Dynamic Pricing Script'),
(358, 28, NULL, 3000.00, '2025-05-07 17:17:52', 'Dynamic Pricing Script'),
(359, 30, NULL, 2150.00, '2025-05-07 17:17:52', 'Dynamic Pricing Script'),
(360, 31, NULL, 12200.00, '2025-05-07 17:17:52', 'Dynamic Pricing Script'),
(361, 32, NULL, 950.00, '2025-05-07 17:17:52', 'Dynamic Pricing Script'),
(362, 33, NULL, 450.00, '2025-05-07 17:17:52', 'Dynamic Pricing Script'),
(363, 34, NULL, 2210.00, '2025-05-07 17:17:52', 'Dynamic Pricing Script'),
(364, 35, NULL, 6160.00, '2025-05-07 17:17:52', 'Dynamic Pricing Script'),
(365, 36, NULL, 500.00, '2025-05-07 17:17:52', 'Dynamic Pricing Script'),
(366, 38, NULL, 7880.00, '2025-05-07 17:17:52', 'Dynamic Pricing Script'),
(367, 47, NULL, 55000.00, '2025-05-07 17:17:52', 'Dynamic Pricing Script'),
(368, 48, NULL, 76000.00, '2025-05-07 17:17:52', 'Dynamic Pricing Script'),
(369, 49, NULL, 14000.00, '2025-05-07 17:17:52', 'Dynamic Pricing Script'),
(370, 50, NULL, 29000.00, '2025-05-07 17:17:52', 'Dynamic Pricing Script'),
(371, 26, NULL, 2000.00, '2025-05-07 17:18:19', 'Dynamic Pricing Script'),
(372, 27, NULL, 7000.00, '2025-05-07 17:18:19', 'Dynamic Pricing Script'),
(373, 28, NULL, 3000.00, '2025-05-07 17:18:19', 'Dynamic Pricing Script'),
(374, 30, NULL, 2150.00, '2025-05-07 17:18:19', 'Dynamic Pricing Script'),
(375, 31, NULL, 12200.00, '2025-05-07 17:18:19', 'Dynamic Pricing Script'),
(376, 32, NULL, 950.00, '2025-05-07 17:18:19', 'Dynamic Pricing Script'),
(377, 33, NULL, 450.00, '2025-05-07 17:18:19', 'Dynamic Pricing Script'),
(378, 34, NULL, 2210.00, '2025-05-07 17:18:19', 'Dynamic Pricing Script'),
(379, 35, NULL, 6160.00, '2025-05-07 17:18:19', 'Dynamic Pricing Script'),
(380, 36, NULL, 500.00, '2025-05-07 17:18:19', 'Dynamic Pricing Script'),
(381, 38, NULL, 7880.00, '2025-05-07 17:18:19', 'Dynamic Pricing Script'),
(382, 47, NULL, 55000.00, '2025-05-07 17:18:19', 'Dynamic Pricing Script'),
(383, 48, NULL, 76000.00, '2025-05-07 17:18:19', 'Dynamic Pricing Script'),
(384, 49, NULL, 14000.00, '2025-05-07 17:18:19', 'Dynamic Pricing Script'),
(385, 50, NULL, 29000.00, '2025-05-07 17:18:19', 'Dynamic Pricing Script'),
(386, 26, NULL, 2000.00, '2025-05-07 17:18:24', 'Dynamic Pricing Script'),
(387, 27, NULL, 7000.00, '2025-05-07 17:18:24', 'Dynamic Pricing Script'),
(388, 28, NULL, 3000.00, '2025-05-07 17:18:24', 'Dynamic Pricing Script'),
(389, 30, NULL, 2150.00, '2025-05-07 17:18:24', 'Dynamic Pricing Script'),
(390, 31, NULL, 12200.00, '2025-05-07 17:18:24', 'Dynamic Pricing Script'),
(391, 32, NULL, 950.00, '2025-05-07 17:18:24', 'Dynamic Pricing Script'),
(392, 33, NULL, 450.00, '2025-05-07 17:18:24', 'Dynamic Pricing Script'),
(393, 34, NULL, 2210.00, '2025-05-07 17:18:24', 'Dynamic Pricing Script'),
(394, 35, NULL, 6160.00, '2025-05-07 17:18:24', 'Dynamic Pricing Script'),
(395, 36, NULL, 500.00, '2025-05-07 17:18:24', 'Dynamic Pricing Script'),
(396, 38, NULL, 7880.00, '2025-05-07 17:18:24', 'Dynamic Pricing Script'),
(397, 47, NULL, 55000.00, '2025-05-07 17:18:24', 'Dynamic Pricing Script'),
(398, 48, NULL, 76000.00, '2025-05-07 17:18:24', 'Dynamic Pricing Script'),
(399, 49, NULL, 14000.00, '2025-05-07 17:18:24', 'Dynamic Pricing Script'),
(400, 50, NULL, 29000.00, '2025-05-07 17:18:24', 'Dynamic Pricing Script'),
(401, 26, NULL, 2000.00, '2025-05-07 17:19:36', 'Dynamic Pricing Script'),
(402, 27, NULL, 7000.00, '2025-05-07 17:19:36', 'Dynamic Pricing Script'),
(403, 28, NULL, 3000.00, '2025-05-07 17:19:36', 'Dynamic Pricing Script'),
(404, 30, NULL, 2150.00, '2025-05-07 17:19:36', 'Dynamic Pricing Script'),
(405, 31, NULL, 12200.00, '2025-05-07 17:19:36', 'Dynamic Pricing Script'),
(406, 32, NULL, 950.00, '2025-05-07 17:19:36', 'Dynamic Pricing Script'),
(407, 33, NULL, 450.00, '2025-05-07 17:19:36', 'Dynamic Pricing Script'),
(408, 34, NULL, 2210.00, '2025-05-07 17:19:36', 'Dynamic Pricing Script'),
(409, 35, NULL, 6160.00, '2025-05-07 17:19:36', 'Dynamic Pricing Script'),
(410, 36, NULL, 500.00, '2025-05-07 17:19:36', 'Dynamic Pricing Script'),
(411, 38, NULL, 7880.00, '2025-05-07 17:19:36', 'Dynamic Pricing Script'),
(412, 47, NULL, 55000.00, '2025-05-07 17:19:36', 'Dynamic Pricing Script'),
(413, 48, NULL, 76000.00, '2025-05-07 17:19:36', 'Dynamic Pricing Script'),
(414, 49, NULL, 14000.00, '2025-05-07 17:19:36', 'Dynamic Pricing Script'),
(415, 50, NULL, 29000.00, '2025-05-07 17:19:36', 'Dynamic Pricing Script'),
(416, 26, NULL, 2000.00, '2025-05-07 17:19:43', 'Dynamic Pricing Script'),
(417, 27, NULL, 7000.00, '2025-05-07 17:19:43', 'Dynamic Pricing Script'),
(418, 28, NULL, 3000.00, '2025-05-07 17:19:43', 'Dynamic Pricing Script'),
(419, 30, NULL, 2150.00, '2025-05-07 17:19:43', 'Dynamic Pricing Script'),
(420, 31, NULL, 12200.00, '2025-05-07 17:19:43', 'Dynamic Pricing Script'),
(421, 32, NULL, 950.00, '2025-05-07 17:19:43', 'Dynamic Pricing Script'),
(422, 33, NULL, 450.00, '2025-05-07 17:19:43', 'Dynamic Pricing Script'),
(423, 34, NULL, 2210.00, '2025-05-07 17:19:43', 'Dynamic Pricing Script'),
(424, 35, NULL, 6160.00, '2025-05-07 17:19:43', 'Dynamic Pricing Script'),
(425, 36, NULL, 500.00, '2025-05-07 17:19:43', 'Dynamic Pricing Script'),
(426, 38, NULL, 7880.00, '2025-05-07 17:19:43', 'Dynamic Pricing Script'),
(427, 47, NULL, 55000.00, '2025-05-07 17:19:43', 'Dynamic Pricing Script'),
(428, 48, NULL, 76000.00, '2025-05-07 17:19:43', 'Dynamic Pricing Script'),
(429, 49, NULL, 14000.00, '2025-05-07 17:19:43', 'Dynamic Pricing Script'),
(430, 50, NULL, 29000.00, '2025-05-07 17:19:43', 'Dynamic Pricing Script'),
(431, 26, NULL, 2000.00, '2025-05-07 17:19:57', 'Dynamic Pricing Script'),
(432, 27, NULL, 7000.00, '2025-05-07 17:19:57', 'Dynamic Pricing Script'),
(433, 28, NULL, 3000.00, '2025-05-07 17:19:57', 'Dynamic Pricing Script'),
(434, 30, NULL, 2150.00, '2025-05-07 17:19:57', 'Dynamic Pricing Script'),
(435, 31, NULL, 12200.00, '2025-05-07 17:19:57', 'Dynamic Pricing Script'),
(436, 32, NULL, 950.00, '2025-05-07 17:19:57', 'Dynamic Pricing Script'),
(437, 33, NULL, 450.00, '2025-05-07 17:19:57', 'Dynamic Pricing Script'),
(438, 34, NULL, 2210.00, '2025-05-07 17:19:57', 'Dynamic Pricing Script'),
(439, 35, NULL, 6160.00, '2025-05-07 17:19:57', 'Dynamic Pricing Script'),
(440, 36, NULL, 500.00, '2025-05-07 17:19:57', 'Dynamic Pricing Script'),
(441, 38, NULL, 7880.00, '2025-05-07 17:19:57', 'Dynamic Pricing Script'),
(442, 47, NULL, 55000.00, '2025-05-07 17:19:57', 'Dynamic Pricing Script'),
(443, 48, NULL, 76000.00, '2025-05-07 17:19:57', 'Dynamic Pricing Script'),
(444, 49, NULL, 14000.00, '2025-05-07 17:19:57', 'Dynamic Pricing Script'),
(445, 50, NULL, 29000.00, '2025-05-07 17:19:57', 'Dynamic Pricing Script'),
(446, 26, NULL, 2000.00, '2025-05-07 17:20:01', 'Dynamic Pricing Script'),
(447, 27, NULL, 7000.00, '2025-05-07 17:20:01', 'Dynamic Pricing Script'),
(448, 28, NULL, 3000.00, '2025-05-07 17:20:01', 'Dynamic Pricing Script'),
(449, 30, NULL, 2150.00, '2025-05-07 17:20:01', 'Dynamic Pricing Script'),
(450, 31, NULL, 12200.00, '2025-05-07 17:20:01', 'Dynamic Pricing Script'),
(451, 32, NULL, 950.00, '2025-05-07 17:20:01', 'Dynamic Pricing Script'),
(452, 33, NULL, 450.00, '2025-05-07 17:20:01', 'Dynamic Pricing Script'),
(453, 34, NULL, 2210.00, '2025-05-07 17:20:01', 'Dynamic Pricing Script'),
(454, 35, NULL, 6160.00, '2025-05-07 17:20:01', 'Dynamic Pricing Script'),
(455, 36, NULL, 500.00, '2025-05-07 17:20:01', 'Dynamic Pricing Script'),
(456, 38, NULL, 7880.00, '2025-05-07 17:20:01', 'Dynamic Pricing Script'),
(457, 47, NULL, 55000.00, '2025-05-07 17:20:01', 'Dynamic Pricing Script'),
(458, 48, NULL, 76000.00, '2025-05-07 17:20:01', 'Dynamic Pricing Script'),
(459, 49, NULL, 14000.00, '2025-05-07 17:20:01', 'Dynamic Pricing Script'),
(460, 50, NULL, 29000.00, '2025-05-07 17:20:01', 'Dynamic Pricing Script'),
(461, 26, NULL, 2000.00, '2025-05-07 17:20:33', 'Dynamic Pricing Script'),
(462, 27, NULL, 7000.00, '2025-05-07 17:20:33', 'Dynamic Pricing Script'),
(463, 28, NULL, 3000.00, '2025-05-07 17:20:33', 'Dynamic Pricing Script'),
(464, 30, NULL, 2150.00, '2025-05-07 17:20:33', 'Dynamic Pricing Script'),
(465, 31, NULL, 12200.00, '2025-05-07 17:20:33', 'Dynamic Pricing Script'),
(466, 32, NULL, 950.00, '2025-05-07 17:20:33', 'Dynamic Pricing Script'),
(467, 33, NULL, 450.00, '2025-05-07 17:20:33', 'Dynamic Pricing Script'),
(468, 34, NULL, 2210.00, '2025-05-07 17:20:33', 'Dynamic Pricing Script'),
(469, 35, NULL, 6160.00, '2025-05-07 17:20:33', 'Dynamic Pricing Script'),
(470, 36, NULL, 500.00, '2025-05-07 17:20:33', 'Dynamic Pricing Script'),
(471, 38, NULL, 7880.00, '2025-05-07 17:20:33', 'Dynamic Pricing Script'),
(472, 47, NULL, 55000.00, '2025-05-07 17:20:33', 'Dynamic Pricing Script'),
(473, 48, NULL, 76000.00, '2025-05-07 17:20:33', 'Dynamic Pricing Script'),
(474, 49, NULL, 14000.00, '2025-05-07 17:20:33', 'Dynamic Pricing Script'),
(475, 50, NULL, 29000.00, '2025-05-07 17:20:33', 'Dynamic Pricing Script'),
(476, 26, NULL, 2000.00, '2025-05-07 17:20:42', 'Dynamic Pricing Script'),
(477, 27, NULL, 7000.00, '2025-05-07 17:20:42', 'Dynamic Pricing Script'),
(478, 28, NULL, 3000.00, '2025-05-07 17:20:42', 'Dynamic Pricing Script'),
(479, 30, NULL, 2150.00, '2025-05-07 17:20:42', 'Dynamic Pricing Script'),
(480, 31, NULL, 12200.00, '2025-05-07 17:20:42', 'Dynamic Pricing Script'),
(481, 32, NULL, 950.00, '2025-05-07 17:20:42', 'Dynamic Pricing Script'),
(482, 33, NULL, 450.00, '2025-05-07 17:20:42', 'Dynamic Pricing Script'),
(483, 34, NULL, 2210.00, '2025-05-07 17:20:42', 'Dynamic Pricing Script'),
(484, 35, NULL, 6160.00, '2025-05-07 17:20:42', 'Dynamic Pricing Script'),
(485, 36, NULL, 500.00, '2025-05-07 17:20:42', 'Dynamic Pricing Script'),
(486, 38, NULL, 7880.00, '2025-05-07 17:20:42', 'Dynamic Pricing Script'),
(487, 47, NULL, 55000.00, '2025-05-07 17:20:42', 'Dynamic Pricing Script'),
(488, 48, NULL, 76000.00, '2025-05-07 17:20:42', 'Dynamic Pricing Script'),
(489, 49, NULL, 14000.00, '2025-05-07 17:20:42', 'Dynamic Pricing Script'),
(490, 50, NULL, 29000.00, '2025-05-07 17:20:42', 'Dynamic Pricing Script'),
(491, 26, NULL, 2000.00, '2025-05-07 17:20:49', 'Dynamic Pricing Script'),
(492, 27, NULL, 7000.00, '2025-05-07 17:20:49', 'Dynamic Pricing Script'),
(493, 28, NULL, 3000.00, '2025-05-07 17:20:49', 'Dynamic Pricing Script'),
(494, 30, NULL, 2150.00, '2025-05-07 17:20:49', 'Dynamic Pricing Script'),
(495, 31, NULL, 12200.00, '2025-05-07 17:20:49', 'Dynamic Pricing Script'),
(496, 32, NULL, 950.00, '2025-05-07 17:20:49', 'Dynamic Pricing Script'),
(497, 33, NULL, 450.00, '2025-05-07 17:20:49', 'Dynamic Pricing Script'),
(498, 34, NULL, 2210.00, '2025-05-07 17:20:49', 'Dynamic Pricing Script'),
(499, 35, NULL, 6160.00, '2025-05-07 17:20:49', 'Dynamic Pricing Script'),
(500, 36, NULL, 500.00, '2025-05-07 17:20:49', 'Dynamic Pricing Script'),
(501, 38, NULL, 7880.00, '2025-05-07 17:20:49', 'Dynamic Pricing Script'),
(502, 47, NULL, 55000.00, '2025-05-07 17:20:49', 'Dynamic Pricing Script'),
(503, 48, NULL, 76000.00, '2025-05-07 17:20:49', 'Dynamic Pricing Script'),
(504, 49, NULL, 14000.00, '2025-05-07 17:20:49', 'Dynamic Pricing Script'),
(505, 50, NULL, 29000.00, '2025-05-07 17:20:49', 'Dynamic Pricing Script'),
(506, 26, NULL, 2000.00, '2025-05-07 17:20:52', 'Dynamic Pricing Script'),
(507, 27, NULL, 7000.00, '2025-05-07 17:20:52', 'Dynamic Pricing Script'),
(508, 28, NULL, 3000.00, '2025-05-07 17:20:52', 'Dynamic Pricing Script'),
(509, 30, NULL, 2150.00, '2025-05-07 17:20:52', 'Dynamic Pricing Script'),
(510, 31, NULL, 12200.00, '2025-05-07 17:20:52', 'Dynamic Pricing Script'),
(511, 32, NULL, 950.00, '2025-05-07 17:20:52', 'Dynamic Pricing Script'),
(512, 33, NULL, 450.00, '2025-05-07 17:20:52', 'Dynamic Pricing Script'),
(513, 34, NULL, 2210.00, '2025-05-07 17:20:52', 'Dynamic Pricing Script'),
(514, 35, NULL, 6160.00, '2025-05-07 17:20:52', 'Dynamic Pricing Script'),
(515, 36, NULL, 500.00, '2025-05-07 17:20:52', 'Dynamic Pricing Script'),
(516, 38, NULL, 7880.00, '2025-05-07 17:20:52', 'Dynamic Pricing Script'),
(517, 47, NULL, 55000.00, '2025-05-07 17:20:52', 'Dynamic Pricing Script'),
(518, 48, NULL, 76000.00, '2025-05-07 17:20:52', 'Dynamic Pricing Script'),
(519, 49, NULL, 14000.00, '2025-05-07 17:20:52', 'Dynamic Pricing Script'),
(520, 50, NULL, 29000.00, '2025-05-07 17:20:52', 'Dynamic Pricing Script'),
(521, 26, NULL, 2000.00, '2025-05-07 17:23:30', 'Dynamic Pricing Script'),
(522, 27, NULL, 7000.00, '2025-05-07 17:23:30', 'Dynamic Pricing Script'),
(523, 28, NULL, 3000.00, '2025-05-07 17:23:30', 'Dynamic Pricing Script'),
(524, 30, NULL, 2150.00, '2025-05-07 17:23:30', 'Dynamic Pricing Script'),
(525, 31, NULL, 12200.00, '2025-05-07 17:23:30', 'Dynamic Pricing Script'),
(526, 32, NULL, 950.00, '2025-05-07 17:23:30', 'Dynamic Pricing Script'),
(527, 33, NULL, 450.00, '2025-05-07 17:23:30', 'Dynamic Pricing Script'),
(528, 34, NULL, 2210.00, '2025-05-07 17:23:30', 'Dynamic Pricing Script'),
(529, 35, NULL, 6160.00, '2025-05-07 17:23:30', 'Dynamic Pricing Script'),
(530, 36, NULL, 500.00, '2025-05-07 17:23:30', 'Dynamic Pricing Script'),
(531, 38, NULL, 7880.00, '2025-05-07 17:23:30', 'Dynamic Pricing Script'),
(532, 47, NULL, 55000.00, '2025-05-07 17:23:30', 'Dynamic Pricing Script'),
(533, 48, NULL, 76000.00, '2025-05-07 17:23:30', 'Dynamic Pricing Script'),
(534, 49, NULL, 14000.00, '2025-05-07 17:23:30', 'Dynamic Pricing Script'),
(535, 50, NULL, 29000.00, '2025-05-07 17:23:30', 'Dynamic Pricing Script'),
(536, 26, NULL, 2000.00, '2025-05-07 17:23:48', 'Dynamic Pricing Script'),
(537, 27, NULL, 7000.00, '2025-05-07 17:23:48', 'Dynamic Pricing Script'),
(538, 28, NULL, 3000.00, '2025-05-07 17:23:48', 'Dynamic Pricing Script'),
(539, 30, NULL, 2150.00, '2025-05-07 17:23:48', 'Dynamic Pricing Script'),
(540, 31, NULL, 12200.00, '2025-05-07 17:23:48', 'Dynamic Pricing Script'),
(541, 32, NULL, 950.00, '2025-05-07 17:23:48', 'Dynamic Pricing Script'),
(542, 33, NULL, 450.00, '2025-05-07 17:23:48', 'Dynamic Pricing Script'),
(543, 34, NULL, 2210.00, '2025-05-07 17:23:48', 'Dynamic Pricing Script'),
(544, 35, NULL, 6160.00, '2025-05-07 17:23:48', 'Dynamic Pricing Script'),
(545, 36, NULL, 500.00, '2025-05-07 17:23:48', 'Dynamic Pricing Script'),
(546, 38, NULL, 7880.00, '2025-05-07 17:23:48', 'Dynamic Pricing Script'),
(547, 47, NULL, 55000.00, '2025-05-07 17:23:48', 'Dynamic Pricing Script'),
(548, 48, NULL, 76000.00, '2025-05-07 17:23:48', 'Dynamic Pricing Script'),
(549, 49, NULL, 14000.00, '2025-05-07 17:23:48', 'Dynamic Pricing Script'),
(550, 50, NULL, 29000.00, '2025-05-07 17:23:48', 'Dynamic Pricing Script'),
(551, 26, NULL, 2000.00, '2025-05-07 17:24:00', 'Dynamic Pricing Script'),
(552, 27, NULL, 7000.00, '2025-05-07 17:24:00', 'Dynamic Pricing Script'),
(553, 28, NULL, 3000.00, '2025-05-07 17:24:00', 'Dynamic Pricing Script'),
(554, 30, NULL, 2150.00, '2025-05-07 17:24:00', 'Dynamic Pricing Script'),
(555, 31, NULL, 12200.00, '2025-05-07 17:24:00', 'Dynamic Pricing Script'),
(556, 32, NULL, 950.00, '2025-05-07 17:24:00', 'Dynamic Pricing Script'),
(557, 33, NULL, 450.00, '2025-05-07 17:24:00', 'Dynamic Pricing Script'),
(558, 34, NULL, 2210.00, '2025-05-07 17:24:00', 'Dynamic Pricing Script'),
(559, 35, NULL, 6160.00, '2025-05-07 17:24:00', 'Dynamic Pricing Script'),
(560, 36, NULL, 500.00, '2025-05-07 17:24:00', 'Dynamic Pricing Script'),
(561, 38, NULL, 7880.00, '2025-05-07 17:24:00', 'Dynamic Pricing Script'),
(562, 47, NULL, 55000.00, '2025-05-07 17:24:00', 'Dynamic Pricing Script'),
(563, 48, NULL, 76000.00, '2025-05-07 17:24:00', 'Dynamic Pricing Script'),
(564, 49, NULL, 14000.00, '2025-05-07 17:24:00', 'Dynamic Pricing Script'),
(565, 50, NULL, 29000.00, '2025-05-07 17:24:00', 'Dynamic Pricing Script'),
(566, 26, NULL, 2000.00, '2025-05-07 17:24:07', 'Dynamic Pricing Script'),
(567, 27, NULL, 7000.00, '2025-05-07 17:24:07', 'Dynamic Pricing Script'),
(568, 28, NULL, 3000.00, '2025-05-07 17:24:07', 'Dynamic Pricing Script'),
(569, 30, NULL, 2150.00, '2025-05-07 17:24:07', 'Dynamic Pricing Script'),
(570, 31, NULL, 12200.00, '2025-05-07 17:24:07', 'Dynamic Pricing Script'),
(571, 32, NULL, 950.00, '2025-05-07 17:24:07', 'Dynamic Pricing Script'),
(572, 33, NULL, 450.00, '2025-05-07 17:24:07', 'Dynamic Pricing Script'),
(573, 34, NULL, 2210.00, '2025-05-07 17:24:07', 'Dynamic Pricing Script'),
(574, 35, NULL, 6160.00, '2025-05-07 17:24:07', 'Dynamic Pricing Script'),
(575, 36, NULL, 500.00, '2025-05-07 17:24:07', 'Dynamic Pricing Script'),
(576, 38, NULL, 7880.00, '2025-05-07 17:24:07', 'Dynamic Pricing Script'),
(577, 47, NULL, 55000.00, '2025-05-07 17:24:07', 'Dynamic Pricing Script'),
(578, 48, NULL, 76000.00, '2025-05-07 17:24:07', 'Dynamic Pricing Script'),
(579, 49, NULL, 14000.00, '2025-05-07 17:24:07', 'Dynamic Pricing Script'),
(580, 50, NULL, 29000.00, '2025-05-07 17:24:07', 'Dynamic Pricing Script'),
(581, 26, NULL, 2000.00, '2025-05-07 17:24:10', 'Dynamic Pricing Script'),
(582, 27, NULL, 7000.00, '2025-05-07 17:24:10', 'Dynamic Pricing Script'),
(583, 28, NULL, 3000.00, '2025-05-07 17:24:10', 'Dynamic Pricing Script'),
(584, 30, NULL, 2150.00, '2025-05-07 17:24:10', 'Dynamic Pricing Script'),
(585, 31, NULL, 12200.00, '2025-05-07 17:24:10', 'Dynamic Pricing Script'),
(586, 32, NULL, 950.00, '2025-05-07 17:24:10', 'Dynamic Pricing Script'),
(587, 33, NULL, 450.00, '2025-05-07 17:24:10', 'Dynamic Pricing Script'),
(588, 34, NULL, 2210.00, '2025-05-07 17:24:10', 'Dynamic Pricing Script'),
(589, 35, NULL, 6160.00, '2025-05-07 17:24:10', 'Dynamic Pricing Script'),
(590, 36, NULL, 500.00, '2025-05-07 17:24:10', 'Dynamic Pricing Script'),
(591, 38, NULL, 7880.00, '2025-05-07 17:24:10', 'Dynamic Pricing Script'),
(592, 47, NULL, 55000.00, '2025-05-07 17:24:10', 'Dynamic Pricing Script'),
(593, 48, NULL, 76000.00, '2025-05-07 17:24:10', 'Dynamic Pricing Script'),
(594, 49, NULL, 14000.00, '2025-05-07 17:24:10', 'Dynamic Pricing Script'),
(595, 50, NULL, 29000.00, '2025-05-07 17:24:10', 'Dynamic Pricing Script'),
(596, 26, NULL, 2000.00, '2025-05-07 17:33:18', 'Dynamic Pricing Script'),
(597, 27, NULL, 7000.00, '2025-05-07 17:33:18', 'Dynamic Pricing Script'),
(598, 28, NULL, 3000.00, '2025-05-07 17:33:18', 'Dynamic Pricing Script'),
(599, 30, NULL, 2150.00, '2025-05-07 17:33:18', 'Dynamic Pricing Script'),
(600, 31, NULL, 9449.20, '2025-05-07 17:33:18', 'Dynamic Pricing Script'),
(601, 32, NULL, 950.00, '2025-05-07 17:33:18', 'Dynamic Pricing Script'),
(602, 33, NULL, 450.00, '2025-05-07 17:33:18', 'Dynamic Pricing Script'),
(603, 34, NULL, 2210.00, '2025-05-07 17:33:18', 'Dynamic Pricing Script'),
(604, 35, NULL, 6160.00, '2025-05-07 17:33:18', 'Dynamic Pricing Script'),
(605, 36, NULL, 500.00, '2025-05-07 17:33:18', 'Dynamic Pricing Script'),
(606, 38, NULL, 7880.00, '2025-05-07 17:33:18', 'Dynamic Pricing Script'),
(607, 47, NULL, 55000.00, '2025-05-07 17:33:18', 'Dynamic Pricing Script'),
(608, 48, NULL, 76000.00, '2025-05-07 17:33:18', 'Dynamic Pricing Script'),
(609, 49, NULL, 14000.00, '2025-05-07 17:33:18', 'Dynamic Pricing Script'),
(610, 50, NULL, 29000.00, '2025-05-07 17:33:18', 'Dynamic Pricing Script'),
(611, 26, NULL, 2000.00, '2025-05-07 17:33:20', 'Dynamic Pricing Script'),
(612, 27, NULL, 7000.00, '2025-05-07 17:33:20', 'Dynamic Pricing Script'),
(613, 28, NULL, 3000.00, '2025-05-07 17:33:20', 'Dynamic Pricing Script'),
(614, 30, NULL, 2150.00, '2025-05-07 17:33:20', 'Dynamic Pricing Script'),
(615, 31, NULL, 9449.20, '2025-05-07 17:33:20', 'Dynamic Pricing Script'),
(616, 32, NULL, 950.00, '2025-05-07 17:33:20', 'Dynamic Pricing Script'),
(617, 33, NULL, 450.00, '2025-05-07 17:33:20', 'Dynamic Pricing Script'),
(618, 34, NULL, 2210.00, '2025-05-07 17:33:20', 'Dynamic Pricing Script'),
(619, 35, NULL, 6160.00, '2025-05-07 17:33:20', 'Dynamic Pricing Script'),
(620, 36, NULL, 500.00, '2025-05-07 17:33:20', 'Dynamic Pricing Script'),
(621, 38, NULL, 7880.00, '2025-05-07 17:33:20', 'Dynamic Pricing Script'),
(622, 47, NULL, 55000.00, '2025-05-07 17:33:20', 'Dynamic Pricing Script'),
(623, 48, NULL, 76000.00, '2025-05-07 17:33:20', 'Dynamic Pricing Script'),
(624, 49, NULL, 14000.00, '2025-05-07 17:33:20', 'Dynamic Pricing Script'),
(625, 50, NULL, 29000.00, '2025-05-07 17:33:20', 'Dynamic Pricing Script'),
(626, 26, NULL, 2000.00, '2025-05-07 17:33:40', 'Dynamic Pricing Script'),
(627, 27, NULL, 7000.00, '2025-05-07 17:33:40', 'Dynamic Pricing Script'),
(628, 28, NULL, 3000.00, '2025-05-07 17:33:40', 'Dynamic Pricing Script'),
(629, 30, NULL, 2150.00, '2025-05-07 17:33:40', 'Dynamic Pricing Script'),
(630, 31, NULL, 9449.20, '2025-05-07 17:33:40', 'Dynamic Pricing Script'),
(631, 32, NULL, 950.00, '2025-05-07 17:33:40', 'Dynamic Pricing Script'),
(632, 33, NULL, 450.00, '2025-05-07 17:33:40', 'Dynamic Pricing Script'),
(633, 34, NULL, 2210.00, '2025-05-07 17:33:40', 'Dynamic Pricing Script'),
(634, 35, NULL, 6160.00, '2025-05-07 17:33:40', 'Dynamic Pricing Script'),
(635, 36, NULL, 500.00, '2025-05-07 17:33:40', 'Dynamic Pricing Script'),
(636, 38, NULL, 7880.00, '2025-05-07 17:33:40', 'Dynamic Pricing Script'),
(637, 47, NULL, 55000.00, '2025-05-07 17:33:40', 'Dynamic Pricing Script'),
(638, 48, NULL, 76000.00, '2025-05-07 17:33:40', 'Dynamic Pricing Script'),
(639, 49, NULL, 14000.00, '2025-05-07 17:33:40', 'Dynamic Pricing Script'),
(640, 50, NULL, 29000.00, '2025-05-07 17:33:40', 'Dynamic Pricing Script'),
(641, 26, NULL, 2000.00, '2025-05-07 17:34:39', 'Dynamic Pricing Script'),
(642, 27, NULL, 7000.00, '2025-05-07 17:34:39', 'Dynamic Pricing Script'),
(643, 28, NULL, 3000.00, '2025-05-07 17:34:39', 'Dynamic Pricing Script'),
(644, 30, NULL, 2150.00, '2025-05-07 17:34:39', 'Dynamic Pricing Script'),
(645, 31, NULL, 8837.94, '2025-05-07 17:34:39', 'Dynamic Pricing Script'),
(646, 32, NULL, 950.00, '2025-05-07 17:34:39', 'Dynamic Pricing Script'),
(647, 33, NULL, 450.00, '2025-05-07 17:34:39', 'Dynamic Pricing Script'),
(648, 34, NULL, 2210.00, '2025-05-07 17:34:39', 'Dynamic Pricing Script'),
(649, 35, NULL, 6160.00, '2025-05-07 17:34:39', 'Dynamic Pricing Script'),
(650, 36, NULL, 500.00, '2025-05-07 17:34:39', 'Dynamic Pricing Script'),
(651, 38, NULL, 7880.00, '2025-05-07 17:34:39', 'Dynamic Pricing Script'),
(652, 47, NULL, 55000.00, '2025-05-07 17:34:39', 'Dynamic Pricing Script'),
(653, 48, NULL, 76000.00, '2025-05-07 17:34:39', 'Dynamic Pricing Script'),
(654, 49, NULL, 14000.00, '2025-05-07 17:34:39', 'Dynamic Pricing Script'),
(655, 50, NULL, 29000.00, '2025-05-07 17:34:39', 'Dynamic Pricing Script'),
(656, 26, NULL, 2000.00, '2025-05-07 17:34:41', 'Dynamic Pricing Script'),
(657, 27, NULL, 7000.00, '2025-05-07 17:34:41', 'Dynamic Pricing Script'),
(658, 28, NULL, 3000.00, '2025-05-07 17:34:41', 'Dynamic Pricing Script'),
(659, 30, NULL, 2150.00, '2025-05-07 17:34:41', 'Dynamic Pricing Script'),
(660, 31, NULL, 8837.94, '2025-05-07 17:34:41', 'Dynamic Pricing Script'),
(661, 32, NULL, 950.00, '2025-05-07 17:34:41', 'Dynamic Pricing Script'),
(662, 33, NULL, 450.00, '2025-05-07 17:34:41', 'Dynamic Pricing Script'),
(663, 34, NULL, 2210.00, '2025-05-07 17:34:41', 'Dynamic Pricing Script'),
(664, 35, NULL, 6160.00, '2025-05-07 17:34:41', 'Dynamic Pricing Script'),
(665, 36, NULL, 500.00, '2025-05-07 17:34:41', 'Dynamic Pricing Script'),
(666, 38, NULL, 7880.00, '2025-05-07 17:34:41', 'Dynamic Pricing Script'),
(667, 47, NULL, 55000.00, '2025-05-07 17:34:41', 'Dynamic Pricing Script'),
(668, 48, NULL, 76000.00, '2025-05-07 17:34:41', 'Dynamic Pricing Script'),
(669, 49, NULL, 14000.00, '2025-05-07 17:34:41', 'Dynamic Pricing Script'),
(670, 50, NULL, 29000.00, '2025-05-07 17:34:41', 'Dynamic Pricing Script'),
(671, 26, NULL, 2000.00, '2025-05-07 17:34:51', 'Dynamic Pricing Script'),
(672, 27, NULL, 7000.00, '2025-05-07 17:34:51', 'Dynamic Pricing Script'),
(673, 28, NULL, 3000.00, '2025-05-07 17:34:51', 'Dynamic Pricing Script'),
(674, 30, NULL, 2150.00, '2025-05-07 17:34:51', 'Dynamic Pricing Script'),
(675, 31, NULL, 8837.94, '2025-05-07 17:34:51', 'Dynamic Pricing Script'),
(676, 32, NULL, 950.00, '2025-05-07 17:34:51', 'Dynamic Pricing Script'),
(677, 33, NULL, 450.00, '2025-05-07 17:34:51', 'Dynamic Pricing Script'),
(678, 34, NULL, 2210.00, '2025-05-07 17:34:51', 'Dynamic Pricing Script'),
(679, 35, NULL, 6160.00, '2025-05-07 17:34:51', 'Dynamic Pricing Script'),
(680, 36, NULL, 500.00, '2025-05-07 17:34:51', 'Dynamic Pricing Script'),
(681, 38, NULL, 7880.00, '2025-05-07 17:34:51', 'Dynamic Pricing Script'),
(682, 47, NULL, 55000.00, '2025-05-07 17:34:51', 'Dynamic Pricing Script'),
(683, 48, NULL, 76000.00, '2025-05-07 17:34:51', 'Dynamic Pricing Script'),
(684, 49, NULL, 14000.00, '2025-05-07 17:34:51', 'Dynamic Pricing Script'),
(685, 50, NULL, 29000.00, '2025-05-07 17:34:51', 'Dynamic Pricing Script'),
(686, 26, NULL, 2000.00, '2025-05-07 17:34:58', 'Dynamic Pricing Script'),
(687, 27, NULL, 7000.00, '2025-05-07 17:34:58', 'Dynamic Pricing Script'),
(688, 28, NULL, 3000.00, '2025-05-07 17:34:58', 'Dynamic Pricing Script');
INSERT INTO `price_history` (`id`, `product_id`, `old_price`, `price`, `date_changed`, `changed_by`) VALUES
(689, 30, NULL, 2150.00, '2025-05-07 17:34:58', 'Dynamic Pricing Script'),
(690, 31, NULL, 8837.94, '2025-05-07 17:34:58', 'Dynamic Pricing Script'),
(691, 32, NULL, 950.00, '2025-05-07 17:34:58', 'Dynamic Pricing Script'),
(692, 33, NULL, 450.00, '2025-05-07 17:34:58', 'Dynamic Pricing Script'),
(693, 34, NULL, 2210.00, '2025-05-07 17:34:58', 'Dynamic Pricing Script'),
(694, 35, NULL, 6160.00, '2025-05-07 17:34:58', 'Dynamic Pricing Script'),
(695, 36, NULL, 500.00, '2025-05-07 17:34:58', 'Dynamic Pricing Script'),
(696, 38, NULL, 7880.00, '2025-05-07 17:34:58', 'Dynamic Pricing Script'),
(697, 47, NULL, 55000.00, '2025-05-07 17:34:58', 'Dynamic Pricing Script'),
(698, 48, NULL, 76000.00, '2025-05-07 17:34:58', 'Dynamic Pricing Script'),
(699, 49, NULL, 14000.00, '2025-05-07 17:34:58', 'Dynamic Pricing Script'),
(700, 50, NULL, 29000.00, '2025-05-07 17:34:58', 'Dynamic Pricing Script'),
(701, 26, NULL, 2000.00, '2025-05-07 17:35:35', 'Dynamic Pricing Script'),
(702, 27, NULL, 7000.00, '2025-05-07 17:35:35', 'Dynamic Pricing Script'),
(703, 28, NULL, 3000.00, '2025-05-07 17:35:35', 'Dynamic Pricing Script'),
(704, 30, NULL, 2150.00, '2025-05-07 17:35:35', 'Dynamic Pricing Script'),
(705, 31, NULL, 8601.00, '2025-05-07 17:35:35', 'Dynamic Pricing Script'),
(706, 32, NULL, 950.00, '2025-05-07 17:35:35', 'Dynamic Pricing Script'),
(707, 33, NULL, 450.00, '2025-05-07 17:35:35', 'Dynamic Pricing Script'),
(708, 34, NULL, 2210.00, '2025-05-07 17:35:35', 'Dynamic Pricing Script'),
(709, 35, NULL, 6160.00, '2025-05-07 17:35:35', 'Dynamic Pricing Script'),
(710, 36, NULL, 500.00, '2025-05-07 17:35:35', 'Dynamic Pricing Script'),
(711, 38, NULL, 7880.00, '2025-05-07 17:35:35', 'Dynamic Pricing Script'),
(712, 47, NULL, 55000.00, '2025-05-07 17:35:35', 'Dynamic Pricing Script'),
(713, 48, NULL, 76000.00, '2025-05-07 17:35:35', 'Dynamic Pricing Script'),
(714, 49, NULL, 14000.00, '2025-05-07 17:35:35', 'Dynamic Pricing Script'),
(715, 50, NULL, 29000.00, '2025-05-07 17:35:35', 'Dynamic Pricing Script'),
(716, 26, NULL, 2000.00, '2025-05-07 17:35:36', 'Dynamic Pricing Script'),
(717, 27, NULL, 7000.00, '2025-05-07 17:35:36', 'Dynamic Pricing Script'),
(718, 28, NULL, 3000.00, '2025-05-07 17:35:36', 'Dynamic Pricing Script'),
(719, 30, NULL, 2150.00, '2025-05-07 17:35:36', 'Dynamic Pricing Script'),
(720, 31, NULL, 8601.00, '2025-05-07 17:35:36', 'Dynamic Pricing Script'),
(721, 32, NULL, 950.00, '2025-05-07 17:35:36', 'Dynamic Pricing Script'),
(722, 33, NULL, 450.00, '2025-05-07 17:35:36', 'Dynamic Pricing Script'),
(723, 34, NULL, 2210.00, '2025-05-07 17:35:36', 'Dynamic Pricing Script'),
(724, 35, NULL, 6160.00, '2025-05-07 17:35:36', 'Dynamic Pricing Script'),
(725, 36, NULL, 500.00, '2025-05-07 17:35:36', 'Dynamic Pricing Script'),
(726, 38, NULL, 7880.00, '2025-05-07 17:35:36', 'Dynamic Pricing Script'),
(727, 47, NULL, 55000.00, '2025-05-07 17:35:36', 'Dynamic Pricing Script'),
(728, 48, NULL, 76000.00, '2025-05-07 17:35:36', 'Dynamic Pricing Script'),
(729, 49, NULL, 14000.00, '2025-05-07 17:35:36', 'Dynamic Pricing Script'),
(730, 50, NULL, 29000.00, '2025-05-07 17:35:36', 'Dynamic Pricing Script'),
(731, 26, NULL, 2000.00, '2025-05-07 17:35:42', 'Dynamic Pricing Script'),
(732, 27, NULL, 7000.00, '2025-05-07 17:35:42', 'Dynamic Pricing Script'),
(733, 28, NULL, 3000.00, '2025-05-07 17:35:42', 'Dynamic Pricing Script'),
(734, 30, NULL, 2150.00, '2025-05-07 17:35:42', 'Dynamic Pricing Script'),
(735, 31, NULL, 8601.00, '2025-05-07 17:35:42', 'Dynamic Pricing Script'),
(736, 32, NULL, 950.00, '2025-05-07 17:35:42', 'Dynamic Pricing Script'),
(737, 33, NULL, 450.00, '2025-05-07 17:35:42', 'Dynamic Pricing Script'),
(738, 34, NULL, 2210.00, '2025-05-07 17:35:42', 'Dynamic Pricing Script'),
(739, 35, NULL, 6160.00, '2025-05-07 17:35:42', 'Dynamic Pricing Script'),
(740, 36, NULL, 500.00, '2025-05-07 17:35:42', 'Dynamic Pricing Script'),
(741, 38, NULL, 7880.00, '2025-05-07 17:35:42', 'Dynamic Pricing Script'),
(742, 47, NULL, 55000.00, '2025-05-07 17:35:42', 'Dynamic Pricing Script'),
(743, 48, NULL, 76000.00, '2025-05-07 17:35:42', 'Dynamic Pricing Script'),
(744, 49, NULL, 14000.00, '2025-05-07 17:35:42', 'Dynamic Pricing Script'),
(745, 50, NULL, 29000.00, '2025-05-07 17:35:42', 'Dynamic Pricing Script'),
(746, 26, NULL, 2000.00, '2025-05-07 17:35:50', 'Dynamic Pricing Script'),
(747, 27, NULL, 7000.00, '2025-05-07 17:35:50', 'Dynamic Pricing Script'),
(748, 28, NULL, 3000.00, '2025-05-07 17:35:50', 'Dynamic Pricing Script'),
(749, 30, NULL, 2150.00, '2025-05-07 17:35:50', 'Dynamic Pricing Script'),
(750, 31, NULL, 8601.00, '2025-05-07 17:35:50', 'Dynamic Pricing Script'),
(751, 32, NULL, 950.00, '2025-05-07 17:35:50', 'Dynamic Pricing Script'),
(752, 33, NULL, 450.00, '2025-05-07 17:35:50', 'Dynamic Pricing Script'),
(753, 34, NULL, 2210.00, '2025-05-07 17:35:50', 'Dynamic Pricing Script'),
(754, 35, NULL, 6160.00, '2025-05-07 17:35:50', 'Dynamic Pricing Script'),
(755, 36, NULL, 500.00, '2025-05-07 17:35:50', 'Dynamic Pricing Script'),
(756, 38, NULL, 7880.00, '2025-05-07 17:35:50', 'Dynamic Pricing Script'),
(757, 47, NULL, 55000.00, '2025-05-07 17:35:50', 'Dynamic Pricing Script'),
(758, 48, NULL, 76000.00, '2025-05-07 17:35:50', 'Dynamic Pricing Script'),
(759, 49, NULL, 14000.00, '2025-05-07 17:35:50', 'Dynamic Pricing Script'),
(760, 50, NULL, 29000.00, '2025-05-07 17:35:50', 'Dynamic Pricing Script'),
(761, 26, NULL, 2000.00, '2025-05-07 17:36:30', 'Dynamic Pricing Script'),
(762, 27, NULL, 7000.00, '2025-05-07 17:36:30', 'Dynamic Pricing Script'),
(763, 28, NULL, 3000.00, '2025-05-07 17:36:30', 'Dynamic Pricing Script'),
(764, 30, NULL, 2150.00, '2025-05-07 17:36:30', 'Dynamic Pricing Script'),
(765, 31, NULL, 8601.00, '2025-05-07 17:36:30', 'Dynamic Pricing Script'),
(766, 32, NULL, 950.00, '2025-05-07 17:36:30', 'Dynamic Pricing Script'),
(767, 33, NULL, 450.00, '2025-05-07 17:36:30', 'Dynamic Pricing Script'),
(768, 34, NULL, 2210.00, '2025-05-07 17:36:30', 'Dynamic Pricing Script'),
(769, 35, NULL, 6160.00, '2025-05-07 17:36:30', 'Dynamic Pricing Script'),
(770, 36, NULL, 500.00, '2025-05-07 17:36:30', 'Dynamic Pricing Script'),
(771, 38, NULL, 7880.00, '2025-05-07 17:36:30', 'Dynamic Pricing Script'),
(772, 47, NULL, 55000.00, '2025-05-07 17:36:30', 'Dynamic Pricing Script'),
(773, 48, NULL, 76000.00, '2025-05-07 17:36:30', 'Dynamic Pricing Script'),
(774, 49, NULL, 14000.00, '2025-05-07 17:36:30', 'Dynamic Pricing Script'),
(775, 50, NULL, 29000.00, '2025-05-07 17:36:30', 'Dynamic Pricing Script'),
(776, 26, NULL, 2000.00, '2025-05-07 17:37:04', 'Dynamic Pricing Script'),
(777, 27, NULL, 7000.00, '2025-05-07 17:37:04', 'Dynamic Pricing Script'),
(778, 28, NULL, 3000.00, '2025-05-07 17:37:04', 'Dynamic Pricing Script'),
(779, 30, NULL, 2150.00, '2025-05-07 17:37:04', 'Dynamic Pricing Script'),
(780, 31, NULL, 12200.00, '2025-05-07 17:37:04', 'Dynamic Pricing Script'),
(781, 32, NULL, 950.00, '2025-05-07 17:37:04', 'Dynamic Pricing Script'),
(782, 33, NULL, 450.00, '2025-05-07 17:37:04', 'Dynamic Pricing Script'),
(783, 34, NULL, 2210.00, '2025-05-07 17:37:04', 'Dynamic Pricing Script'),
(784, 35, NULL, 6160.00, '2025-05-07 17:37:04', 'Dynamic Pricing Script'),
(785, 36, NULL, 500.00, '2025-05-07 17:37:04', 'Dynamic Pricing Script'),
(786, 38, NULL, 7880.00, '2025-05-07 17:37:04', 'Dynamic Pricing Script'),
(787, 47, NULL, 55000.00, '2025-05-07 17:37:04', 'Dynamic Pricing Script'),
(788, 48, NULL, 76000.00, '2025-05-07 17:37:04', 'Dynamic Pricing Script'),
(789, 49, NULL, 14000.00, '2025-05-07 17:37:04', 'Dynamic Pricing Script'),
(790, 50, NULL, 29000.00, '2025-05-07 17:37:04', 'Dynamic Pricing Script'),
(791, 26, NULL, 2000.00, '2025-05-07 17:37:13', 'Dynamic Pricing Script'),
(792, 27, NULL, 7000.00, '2025-05-07 17:37:13', 'Dynamic Pricing Script'),
(793, 28, NULL, 3000.00, '2025-05-07 17:37:13', 'Dynamic Pricing Script'),
(794, 30, NULL, 2150.00, '2025-05-07 17:37:13', 'Dynamic Pricing Script'),
(795, 31, NULL, 12200.00, '2025-05-07 17:37:13', 'Dynamic Pricing Script'),
(796, 32, NULL, 950.00, '2025-05-07 17:37:13', 'Dynamic Pricing Script'),
(797, 33, NULL, 450.00, '2025-05-07 17:37:13', 'Dynamic Pricing Script'),
(798, 34, NULL, 2210.00, '2025-05-07 17:37:13', 'Dynamic Pricing Script'),
(799, 35, NULL, 6160.00, '2025-05-07 17:37:13', 'Dynamic Pricing Script'),
(800, 36, NULL, 500.00, '2025-05-07 17:37:13', 'Dynamic Pricing Script'),
(801, 38, NULL, 7880.00, '2025-05-07 17:37:13', 'Dynamic Pricing Script'),
(802, 47, NULL, 55000.00, '2025-05-07 17:37:13', 'Dynamic Pricing Script'),
(803, 48, NULL, 76000.00, '2025-05-07 17:37:13', 'Dynamic Pricing Script'),
(804, 49, NULL, 14000.00, '2025-05-07 17:37:13', 'Dynamic Pricing Script'),
(805, 50, NULL, 29000.00, '2025-05-07 17:37:13', 'Dynamic Pricing Script'),
(806, 26, NULL, 2000.00, '2025-05-07 17:37:20', 'Dynamic Pricing Script'),
(807, 27, NULL, 7000.00, '2025-05-07 17:37:20', 'Dynamic Pricing Script'),
(808, 28, NULL, 3000.00, '2025-05-07 17:37:20', 'Dynamic Pricing Script'),
(809, 30, NULL, 2150.00, '2025-05-07 17:37:20', 'Dynamic Pricing Script'),
(810, 31, NULL, 12200.00, '2025-05-07 17:37:20', 'Dynamic Pricing Script'),
(811, 32, NULL, 950.00, '2025-05-07 17:37:20', 'Dynamic Pricing Script'),
(812, 33, NULL, 450.00, '2025-05-07 17:37:20', 'Dynamic Pricing Script'),
(813, 34, NULL, 2210.00, '2025-05-07 17:37:20', 'Dynamic Pricing Script'),
(814, 35, NULL, 6160.00, '2025-05-07 17:37:20', 'Dynamic Pricing Script'),
(815, 36, NULL, 500.00, '2025-05-07 17:37:20', 'Dynamic Pricing Script'),
(816, 38, NULL, 7880.00, '2025-05-07 17:37:20', 'Dynamic Pricing Script'),
(817, 47, NULL, 55000.00, '2025-05-07 17:37:20', 'Dynamic Pricing Script'),
(818, 48, NULL, 76000.00, '2025-05-07 17:37:20', 'Dynamic Pricing Script'),
(819, 49, NULL, 14000.00, '2025-05-07 17:37:20', 'Dynamic Pricing Script'),
(820, 50, NULL, 29000.00, '2025-05-07 17:37:20', 'Dynamic Pricing Script'),
(821, 26, NULL, 2000.00, '2025-05-07 17:38:08', 'Dynamic Pricing Script'),
(822, 27, NULL, 7000.00, '2025-05-07 17:38:08', 'Dynamic Pricing Script'),
(823, 28, NULL, 3000.00, '2025-05-07 17:38:08', 'Dynamic Pricing Script'),
(824, 30, NULL, 2150.00, '2025-05-07 17:38:08', 'Dynamic Pricing Script'),
(825, 31, NULL, 12200.00, '2025-05-07 17:38:08', 'Dynamic Pricing Script'),
(826, 32, NULL, 950.00, '2025-05-07 17:38:08', 'Dynamic Pricing Script'),
(827, 33, NULL, 450.00, '2025-05-07 17:38:08', 'Dynamic Pricing Script'),
(828, 34, NULL, 2210.00, '2025-05-07 17:38:08', 'Dynamic Pricing Script'),
(829, 35, NULL, 6160.00, '2025-05-07 17:38:08', 'Dynamic Pricing Script'),
(830, 36, NULL, 500.00, '2025-05-07 17:38:08', 'Dynamic Pricing Script'),
(831, 38, NULL, 7880.00, '2025-05-07 17:38:08', 'Dynamic Pricing Script'),
(832, 47, NULL, 55000.00, '2025-05-07 17:38:08', 'Dynamic Pricing Script'),
(833, 48, NULL, 76000.00, '2025-05-07 17:38:08', 'Dynamic Pricing Script'),
(834, 49, NULL, 14000.00, '2025-05-07 17:38:08', 'Dynamic Pricing Script'),
(835, 50, NULL, 29000.00, '2025-05-07 17:38:08', 'Dynamic Pricing Script'),
(836, 26, NULL, 2000.00, '2025-05-07 17:38:16', 'Dynamic Pricing Script'),
(837, 27, NULL, 7000.00, '2025-05-07 17:38:16', 'Dynamic Pricing Script'),
(838, 28, NULL, 3000.00, '2025-05-07 17:38:16', 'Dynamic Pricing Script'),
(839, 30, NULL, 2150.00, '2025-05-07 17:38:16', 'Dynamic Pricing Script'),
(840, 31, NULL, 12200.00, '2025-05-07 17:38:16', 'Dynamic Pricing Script'),
(841, 32, NULL, 950.00, '2025-05-07 17:38:16', 'Dynamic Pricing Script'),
(842, 33, NULL, 450.00, '2025-05-07 17:38:16', 'Dynamic Pricing Script'),
(843, 34, NULL, 2210.00, '2025-05-07 17:38:16', 'Dynamic Pricing Script'),
(844, 35, NULL, 6160.00, '2025-05-07 17:38:16', 'Dynamic Pricing Script'),
(845, 36, NULL, 500.00, '2025-05-07 17:38:16', 'Dynamic Pricing Script'),
(846, 38, NULL, 7880.00, '2025-05-07 17:38:16', 'Dynamic Pricing Script'),
(847, 47, NULL, 55000.00, '2025-05-07 17:38:16', 'Dynamic Pricing Script'),
(848, 48, NULL, 76000.00, '2025-05-07 17:38:16', 'Dynamic Pricing Script'),
(849, 49, NULL, 14000.00, '2025-05-07 17:38:16', 'Dynamic Pricing Script'),
(850, 50, NULL, 29000.00, '2025-05-07 17:38:16', 'Dynamic Pricing Script'),
(851, 26, NULL, 2000.00, '2025-05-07 17:38:22', 'Dynamic Pricing Script'),
(852, 27, NULL, 7000.00, '2025-05-07 17:38:22', 'Dynamic Pricing Script'),
(853, 28, NULL, 3000.00, '2025-05-07 17:38:22', 'Dynamic Pricing Script'),
(854, 30, NULL, 2150.00, '2025-05-07 17:38:22', 'Dynamic Pricing Script'),
(855, 31, NULL, 12200.00, '2025-05-07 17:38:22', 'Dynamic Pricing Script'),
(856, 32, NULL, 950.00, '2025-05-07 17:38:22', 'Dynamic Pricing Script'),
(857, 33, NULL, 450.00, '2025-05-07 17:38:22', 'Dynamic Pricing Script'),
(858, 34, NULL, 2210.00, '2025-05-07 17:38:22', 'Dynamic Pricing Script'),
(859, 35, NULL, 6160.00, '2025-05-07 17:38:22', 'Dynamic Pricing Script'),
(860, 36, NULL, 500.00, '2025-05-07 17:38:22', 'Dynamic Pricing Script'),
(861, 38, NULL, 7880.00, '2025-05-07 17:38:22', 'Dynamic Pricing Script'),
(862, 47, NULL, 55000.00, '2025-05-07 17:38:22', 'Dynamic Pricing Script'),
(863, 48, NULL, 76000.00, '2025-05-07 17:38:22', 'Dynamic Pricing Script'),
(864, 49, NULL, 14000.00, '2025-05-07 17:38:22', 'Dynamic Pricing Script'),
(865, 50, NULL, 29000.00, '2025-05-07 17:38:22', 'Dynamic Pricing Script'),
(866, 26, NULL, 2000.00, '2025-05-07 17:39:08', 'Dynamic Pricing Script'),
(867, 27, NULL, 7000.00, '2025-05-07 17:39:08', 'Dynamic Pricing Script'),
(868, 28, NULL, 3000.00, '2025-05-07 17:39:08', 'Dynamic Pricing Script'),
(869, 30, NULL, 2150.00, '2025-05-07 17:39:08', 'Dynamic Pricing Script'),
(870, 31, NULL, 12200.00, '2025-05-07 17:39:08', 'Dynamic Pricing Script'),
(871, 32, NULL, 950.00, '2025-05-07 17:39:08', 'Dynamic Pricing Script'),
(872, 33, NULL, 450.00, '2025-05-07 17:39:08', 'Dynamic Pricing Script'),
(873, 34, NULL, 2210.00, '2025-05-07 17:39:08', 'Dynamic Pricing Script'),
(874, 35, NULL, 6160.00, '2025-05-07 17:39:08', 'Dynamic Pricing Script'),
(875, 36, NULL, 500.00, '2025-05-07 17:39:08', 'Dynamic Pricing Script'),
(876, 38, NULL, 7880.00, '2025-05-07 17:39:08', 'Dynamic Pricing Script'),
(877, 47, NULL, 55000.00, '2025-05-07 17:39:08', 'Dynamic Pricing Script'),
(878, 48, NULL, 76000.00, '2025-05-07 17:39:08', 'Dynamic Pricing Script'),
(879, 49, NULL, 14000.00, '2025-05-07 17:39:08', 'Dynamic Pricing Script'),
(880, 50, NULL, 29000.00, '2025-05-07 17:39:08', 'Dynamic Pricing Script'),
(881, 26, NULL, 2000.00, '2025-05-07 17:39:13', 'Dynamic Pricing Script'),
(882, 27, NULL, 7000.00, '2025-05-07 17:39:13', 'Dynamic Pricing Script'),
(883, 28, NULL, 3000.00, '2025-05-07 17:39:13', 'Dynamic Pricing Script'),
(884, 30, NULL, 2150.00, '2025-05-07 17:39:13', 'Dynamic Pricing Script'),
(885, 31, NULL, 12200.00, '2025-05-07 17:39:13', 'Dynamic Pricing Script'),
(886, 32, NULL, 950.00, '2025-05-07 17:39:13', 'Dynamic Pricing Script'),
(887, 33, NULL, 450.00, '2025-05-07 17:39:13', 'Dynamic Pricing Script'),
(888, 34, NULL, 2210.00, '2025-05-07 17:39:13', 'Dynamic Pricing Script'),
(889, 35, NULL, 6160.00, '2025-05-07 17:39:13', 'Dynamic Pricing Script'),
(890, 36, NULL, 500.00, '2025-05-07 17:39:13', 'Dynamic Pricing Script'),
(891, 38, NULL, 7880.00, '2025-05-07 17:39:13', 'Dynamic Pricing Script'),
(892, 47, NULL, 55000.00, '2025-05-07 17:39:13', 'Dynamic Pricing Script'),
(893, 48, NULL, 76000.00, '2025-05-07 17:39:13', 'Dynamic Pricing Script'),
(894, 49, NULL, 14000.00, '2025-05-07 17:39:13', 'Dynamic Pricing Script'),
(895, 50, NULL, 29000.00, '2025-05-07 17:39:13', 'Dynamic Pricing Script'),
(896, 26, NULL, 2000.00, '2025-05-07 17:39:22', 'Dynamic Pricing Script'),
(897, 27, NULL, 7000.00, '2025-05-07 17:39:22', 'Dynamic Pricing Script'),
(898, 28, NULL, 3000.00, '2025-05-07 17:39:22', 'Dynamic Pricing Script'),
(899, 30, NULL, 2150.00, '2025-05-07 17:39:22', 'Dynamic Pricing Script'),
(900, 31, NULL, 12200.00, '2025-05-07 17:39:22', 'Dynamic Pricing Script'),
(901, 32, NULL, 950.00, '2025-05-07 17:39:22', 'Dynamic Pricing Script'),
(902, 33, NULL, 450.00, '2025-05-07 17:39:22', 'Dynamic Pricing Script'),
(903, 34, NULL, 2210.00, '2025-05-07 17:39:22', 'Dynamic Pricing Script'),
(904, 35, NULL, 6160.00, '2025-05-07 17:39:22', 'Dynamic Pricing Script'),
(905, 36, NULL, 500.00, '2025-05-07 17:39:22', 'Dynamic Pricing Script'),
(906, 38, NULL, 7880.00, '2025-05-07 17:39:22', 'Dynamic Pricing Script'),
(907, 47, NULL, 55000.00, '2025-05-07 17:39:22', 'Dynamic Pricing Script'),
(908, 48, NULL, 76000.00, '2025-05-07 17:39:22', 'Dynamic Pricing Script'),
(909, 49, NULL, 14000.00, '2025-05-07 17:39:22', 'Dynamic Pricing Script'),
(910, 50, NULL, 29000.00, '2025-05-07 17:39:22', 'Dynamic Pricing Script'),
(911, 26, NULL, 2000.00, '2025-05-07 17:39:28', 'Dynamic Pricing Script'),
(912, 27, NULL, 7000.00, '2025-05-07 17:39:28', 'Dynamic Pricing Script'),
(913, 28, NULL, 3000.00, '2025-05-07 17:39:28', 'Dynamic Pricing Script'),
(914, 30, NULL, 2150.00, '2025-05-07 17:39:28', 'Dynamic Pricing Script'),
(915, 31, NULL, 12200.00, '2025-05-07 17:39:28', 'Dynamic Pricing Script'),
(916, 32, NULL, 950.00, '2025-05-07 17:39:28', 'Dynamic Pricing Script'),
(917, 33, NULL, 450.00, '2025-05-07 17:39:28', 'Dynamic Pricing Script'),
(918, 34, NULL, 2210.00, '2025-05-07 17:39:28', 'Dynamic Pricing Script'),
(919, 35, NULL, 6160.00, '2025-05-07 17:39:28', 'Dynamic Pricing Script'),
(920, 36, NULL, 500.00, '2025-05-07 17:39:28', 'Dynamic Pricing Script'),
(921, 38, NULL, 7880.00, '2025-05-07 17:39:28', 'Dynamic Pricing Script'),
(922, 47, NULL, 55000.00, '2025-05-07 17:39:28', 'Dynamic Pricing Script'),
(923, 48, NULL, 76000.00, '2025-05-07 17:39:28', 'Dynamic Pricing Script'),
(924, 49, NULL, 14000.00, '2025-05-07 17:39:28', 'Dynamic Pricing Script'),
(925, 50, NULL, 29000.00, '2025-05-07 17:39:28', 'Dynamic Pricing Script'),
(926, 26, NULL, 2000.00, '2025-05-07 17:39:37', 'Dynamic Pricing Script'),
(927, 27, NULL, 7000.00, '2025-05-07 17:39:37', 'Dynamic Pricing Script'),
(928, 28, NULL, 3000.00, '2025-05-07 17:39:37', 'Dynamic Pricing Script'),
(929, 30, NULL, 2150.00, '2025-05-07 17:39:37', 'Dynamic Pricing Script'),
(930, 31, NULL, 12200.00, '2025-05-07 17:39:37', 'Dynamic Pricing Script'),
(931, 32, NULL, 950.00, '2025-05-07 17:39:37', 'Dynamic Pricing Script'),
(932, 33, NULL, 450.00, '2025-05-07 17:39:37', 'Dynamic Pricing Script'),
(933, 34, NULL, 2210.00, '2025-05-07 17:39:37', 'Dynamic Pricing Script'),
(934, 35, NULL, 6160.00, '2025-05-07 17:39:37', 'Dynamic Pricing Script'),
(935, 36, NULL, 500.00, '2025-05-07 17:39:37', 'Dynamic Pricing Script'),
(936, 38, NULL, 7880.00, '2025-05-07 17:39:37', 'Dynamic Pricing Script'),
(937, 47, NULL, 55000.00, '2025-05-07 17:39:37', 'Dynamic Pricing Script'),
(938, 48, NULL, 76000.00, '2025-05-07 17:39:37', 'Dynamic Pricing Script'),
(939, 49, NULL, 14000.00, '2025-05-07 17:39:37', 'Dynamic Pricing Script'),
(940, 50, NULL, 29000.00, '2025-05-07 17:39:37', 'Dynamic Pricing Script'),
(941, 26, NULL, 2000.00, '2025-05-07 17:39:49', 'Dynamic Pricing Script'),
(942, 27, NULL, 7000.00, '2025-05-07 17:39:49', 'Dynamic Pricing Script'),
(943, 28, NULL, 3000.00, '2025-05-07 17:39:49', 'Dynamic Pricing Script'),
(944, 30, NULL, 2150.00, '2025-05-07 17:39:49', 'Dynamic Pricing Script'),
(945, 31, NULL, 12200.00, '2025-05-07 17:39:49', 'Dynamic Pricing Script'),
(946, 32, NULL, 950.00, '2025-05-07 17:39:49', 'Dynamic Pricing Script'),
(947, 33, NULL, 450.00, '2025-05-07 17:39:49', 'Dynamic Pricing Script'),
(948, 34, NULL, 2210.00, '2025-05-07 17:39:49', 'Dynamic Pricing Script'),
(949, 35, NULL, 6160.00, '2025-05-07 17:39:49', 'Dynamic Pricing Script'),
(950, 36, NULL, 500.00, '2025-05-07 17:39:49', 'Dynamic Pricing Script'),
(951, 38, NULL, 7880.00, '2025-05-07 17:39:49', 'Dynamic Pricing Script'),
(952, 47, NULL, 55000.00, '2025-05-07 17:39:49', 'Dynamic Pricing Script'),
(953, 48, NULL, 76000.00, '2025-05-07 17:39:49', 'Dynamic Pricing Script'),
(954, 49, NULL, 14000.00, '2025-05-07 17:39:49', 'Dynamic Pricing Script'),
(955, 50, NULL, 29000.00, '2025-05-07 17:39:49', 'Dynamic Pricing Script'),
(956, 26, NULL, 2000.00, '2025-05-07 17:40:44', 'Dynamic Pricing Script'),
(957, 27, NULL, 7000.00, '2025-05-07 17:40:44', 'Dynamic Pricing Script'),
(958, 28, NULL, 3000.00, '2025-05-07 17:40:44', 'Dynamic Pricing Script'),
(959, 30, NULL, 2150.00, '2025-05-07 17:40:44', 'Dynamic Pricing Script'),
(960, 31, NULL, 12200.00, '2025-05-07 17:40:44', 'Dynamic Pricing Script'),
(961, 32, NULL, 950.00, '2025-05-07 17:40:44', 'Dynamic Pricing Script'),
(962, 33, NULL, 800.00, '2025-05-07 17:40:44', 'Dynamic Pricing Script'),
(963, 34, NULL, 2210.00, '2025-05-07 17:40:44', 'Dynamic Pricing Script'),
(964, 35, NULL, 6160.00, '2025-05-07 17:40:44', 'Dynamic Pricing Script'),
(965, 36, NULL, 500.00, '2025-05-07 17:40:44', 'Dynamic Pricing Script'),
(966, 38, NULL, 7880.00, '2025-05-07 17:40:44', 'Dynamic Pricing Script'),
(967, 47, NULL, 55000.00, '2025-05-07 17:40:44', 'Dynamic Pricing Script'),
(968, 48, NULL, 76000.00, '2025-05-07 17:40:44', 'Dynamic Pricing Script'),
(969, 49, NULL, 14000.00, '2025-05-07 17:40:44', 'Dynamic Pricing Script'),
(970, 50, NULL, 29000.00, '2025-05-07 17:40:44', 'Dynamic Pricing Script'),
(971, 26, NULL, 2000.00, '2025-05-07 17:40:51', 'Dynamic Pricing Script'),
(972, 27, NULL, 7000.00, '2025-05-07 17:40:51', 'Dynamic Pricing Script'),
(973, 28, NULL, 3000.00, '2025-05-07 17:40:51', 'Dynamic Pricing Script'),
(974, 30, NULL, 2150.00, '2025-05-07 17:40:51', 'Dynamic Pricing Script'),
(975, 31, NULL, 12200.00, '2025-05-07 17:40:51', 'Dynamic Pricing Script'),
(976, 32, NULL, 950.00, '2025-05-07 17:40:51', 'Dynamic Pricing Script'),
(977, 33, NULL, 800.00, '2025-05-07 17:40:51', 'Dynamic Pricing Script'),
(978, 34, NULL, 2210.00, '2025-05-07 17:40:51', 'Dynamic Pricing Script'),
(979, 35, NULL, 6160.00, '2025-05-07 17:40:51', 'Dynamic Pricing Script'),
(980, 36, NULL, 500.00, '2025-05-07 17:40:51', 'Dynamic Pricing Script'),
(981, 38, NULL, 7880.00, '2025-05-07 17:40:51', 'Dynamic Pricing Script'),
(982, 47, NULL, 55000.00, '2025-05-07 17:40:51', 'Dynamic Pricing Script'),
(983, 48, NULL, 76000.00, '2025-05-07 17:40:51', 'Dynamic Pricing Script'),
(984, 49, NULL, 14000.00, '2025-05-07 17:40:51', 'Dynamic Pricing Script'),
(985, 50, NULL, 29000.00, '2025-05-07 17:40:51', 'Dynamic Pricing Script'),
(986, 26, NULL, 2000.00, '2025-05-07 17:40:57', 'Dynamic Pricing Script'),
(987, 27, NULL, 7000.00, '2025-05-07 17:40:57', 'Dynamic Pricing Script'),
(988, 28, NULL, 3000.00, '2025-05-07 17:40:57', 'Dynamic Pricing Script'),
(989, 30, NULL, 2150.00, '2025-05-07 17:40:57', 'Dynamic Pricing Script'),
(990, 31, NULL, 12200.00, '2025-05-07 17:40:57', 'Dynamic Pricing Script'),
(991, 32, NULL, 950.00, '2025-05-07 17:40:57', 'Dynamic Pricing Script'),
(992, 33, NULL, 800.00, '2025-05-07 17:40:57', 'Dynamic Pricing Script'),
(993, 34, NULL, 2210.00, '2025-05-07 17:40:57', 'Dynamic Pricing Script'),
(994, 35, NULL, 6160.00, '2025-05-07 17:40:57', 'Dynamic Pricing Script'),
(995, 36, NULL, 500.00, '2025-05-07 17:40:57', 'Dynamic Pricing Script'),
(996, 38, NULL, 7880.00, '2025-05-07 17:40:57', 'Dynamic Pricing Script'),
(997, 47, NULL, 55000.00, '2025-05-07 17:40:57', 'Dynamic Pricing Script'),
(998, 48, NULL, 76000.00, '2025-05-07 17:40:57', 'Dynamic Pricing Script'),
(999, 49, NULL, 14000.00, '2025-05-07 17:40:57', 'Dynamic Pricing Script'),
(1000, 50, NULL, 29000.00, '2025-05-07 17:40:57', 'Dynamic Pricing Script'),
(1001, 26, NULL, 2000.00, '2025-05-07 17:41:37', 'Dynamic Pricing Script'),
(1002, 27, NULL, 7000.00, '2025-05-07 17:41:37', 'Dynamic Pricing Script'),
(1003, 28, NULL, 3000.00, '2025-05-07 17:41:37', 'Dynamic Pricing Script'),
(1004, 30, NULL, 2150.00, '2025-05-07 17:41:37', 'Dynamic Pricing Script'),
(1005, 31, NULL, 12200.00, '2025-05-07 17:41:37', 'Dynamic Pricing Script'),
(1006, 32, NULL, 950.00, '2025-05-07 17:41:37', 'Dynamic Pricing Script'),
(1007, 33, NULL, 800.00, '2025-05-07 17:41:37', 'Dynamic Pricing Script'),
(1008, 34, NULL, 2210.00, '2025-05-07 17:41:37', 'Dynamic Pricing Script'),
(1009, 35, NULL, 6160.00, '2025-05-07 17:41:37', 'Dynamic Pricing Script'),
(1010, 36, NULL, 500.00, '2025-05-07 17:41:37', 'Dynamic Pricing Script'),
(1011, 38, NULL, 7880.00, '2025-05-07 17:41:37', 'Dynamic Pricing Script'),
(1012, 47, NULL, 55000.00, '2025-05-07 17:41:37', 'Dynamic Pricing Script'),
(1013, 48, NULL, 76000.00, '2025-05-07 17:41:37', 'Dynamic Pricing Script'),
(1014, 49, NULL, 14000.00, '2025-05-07 17:41:37', 'Dynamic Pricing Script'),
(1015, 50, NULL, 29000.00, '2025-05-07 17:41:37', 'Dynamic Pricing Script'),
(1016, 26, NULL, 2000.00, '2025-05-07 17:42:02', 'Dynamic Pricing Script'),
(1017, 27, NULL, 7000.00, '2025-05-07 17:42:02', 'Dynamic Pricing Script'),
(1018, 28, NULL, 3000.00, '2025-05-07 17:42:02', 'Dynamic Pricing Script'),
(1019, 30, NULL, 2150.00, '2025-05-07 17:42:02', 'Dynamic Pricing Script'),
(1020, 31, NULL, 12200.00, '2025-05-07 17:42:02', 'Dynamic Pricing Script'),
(1021, 32, NULL, 950.00, '2025-05-07 17:42:02', 'Dynamic Pricing Script'),
(1022, 33, NULL, 800.00, '2025-05-07 17:42:02', 'Dynamic Pricing Script'),
(1023, 34, NULL, 2210.00, '2025-05-07 17:42:02', 'Dynamic Pricing Script'),
(1024, 35, NULL, 6160.00, '2025-05-07 17:42:02', 'Dynamic Pricing Script'),
(1025, 36, NULL, 500.00, '2025-05-07 17:42:02', 'Dynamic Pricing Script'),
(1026, 38, NULL, 7880.00, '2025-05-07 17:42:02', 'Dynamic Pricing Script'),
(1027, 47, NULL, 55000.00, '2025-05-07 17:42:02', 'Dynamic Pricing Script'),
(1028, 48, NULL, 76000.00, '2025-05-07 17:42:02', 'Dynamic Pricing Script'),
(1029, 49, NULL, 14000.00, '2025-05-07 17:42:02', 'Dynamic Pricing Script'),
(1030, 50, NULL, 29000.00, '2025-05-07 17:42:02', 'Dynamic Pricing Script'),
(1031, 26, NULL, 2000.00, '2025-05-07 17:42:10', 'Dynamic Pricing Script'),
(1032, 27, NULL, 7000.00, '2025-05-07 17:42:10', 'Dynamic Pricing Script'),
(1033, 28, NULL, 3000.00, '2025-05-07 17:42:10', 'Dynamic Pricing Script'),
(1034, 30, NULL, 2150.00, '2025-05-07 17:42:10', 'Dynamic Pricing Script'),
(1035, 31, NULL, 12200.00, '2025-05-07 17:42:10', 'Dynamic Pricing Script'),
(1036, 32, NULL, 950.00, '2025-05-07 17:42:10', 'Dynamic Pricing Script'),
(1037, 33, NULL, 800.00, '2025-05-07 17:42:10', 'Dynamic Pricing Script'),
(1038, 34, NULL, 2210.00, '2025-05-07 17:42:10', 'Dynamic Pricing Script'),
(1039, 35, NULL, 6160.00, '2025-05-07 17:42:10', 'Dynamic Pricing Script'),
(1040, 36, NULL, 500.00, '2025-05-07 17:42:10', 'Dynamic Pricing Script'),
(1041, 38, NULL, 7880.00, '2025-05-07 17:42:10', 'Dynamic Pricing Script'),
(1042, 47, NULL, 55000.00, '2025-05-07 17:42:10', 'Dynamic Pricing Script'),
(1043, 48, NULL, 76000.00, '2025-05-07 17:42:10', 'Dynamic Pricing Script'),
(1044, 49, NULL, 14000.00, '2025-05-07 17:42:10', 'Dynamic Pricing Script'),
(1045, 50, NULL, 29000.00, '2025-05-07 17:42:10', 'Dynamic Pricing Script'),
(1046, 26, NULL, 2000.00, '2025-05-07 17:42:16', 'Dynamic Pricing Script'),
(1047, 27, NULL, 7000.00, '2025-05-07 17:42:16', 'Dynamic Pricing Script'),
(1048, 28, NULL, 3000.00, '2025-05-07 17:42:16', 'Dynamic Pricing Script'),
(1049, 30, NULL, 2150.00, '2025-05-07 17:42:16', 'Dynamic Pricing Script'),
(1050, 31, NULL, 12200.00, '2025-05-07 17:42:16', 'Dynamic Pricing Script'),
(1051, 32, NULL, 950.00, '2025-05-07 17:42:16', 'Dynamic Pricing Script'),
(1052, 33, NULL, 800.00, '2025-05-07 17:42:16', 'Dynamic Pricing Script'),
(1053, 34, NULL, 2210.00, '2025-05-07 17:42:16', 'Dynamic Pricing Script'),
(1054, 35, NULL, 6160.00, '2025-05-07 17:42:16', 'Dynamic Pricing Script'),
(1055, 36, NULL, 500.00, '2025-05-07 17:42:16', 'Dynamic Pricing Script'),
(1056, 38, NULL, 7880.00, '2025-05-07 17:42:16', 'Dynamic Pricing Script'),
(1057, 47, NULL, 55000.00, '2025-05-07 17:42:16', 'Dynamic Pricing Script'),
(1058, 48, NULL, 76000.00, '2025-05-07 17:42:16', 'Dynamic Pricing Script'),
(1059, 49, NULL, 14000.00, '2025-05-07 17:42:16', 'Dynamic Pricing Script'),
(1060, 50, NULL, 29000.00, '2025-05-07 17:42:16', 'Dynamic Pricing Script'),
(1061, 26, NULL, 2000.00, '2025-05-07 17:42:20', 'Dynamic Pricing Script'),
(1062, 27, NULL, 7000.00, '2025-05-07 17:42:20', 'Dynamic Pricing Script'),
(1063, 28, NULL, 3000.00, '2025-05-07 17:42:20', 'Dynamic Pricing Script'),
(1064, 30, NULL, 2150.00, '2025-05-07 17:42:20', 'Dynamic Pricing Script'),
(1065, 31, NULL, 12200.00, '2025-05-07 17:42:20', 'Dynamic Pricing Script'),
(1066, 32, NULL, 950.00, '2025-05-07 17:42:20', 'Dynamic Pricing Script'),
(1067, 33, NULL, 800.00, '2025-05-07 17:42:20', 'Dynamic Pricing Script'),
(1068, 34, NULL, 2210.00, '2025-05-07 17:42:20', 'Dynamic Pricing Script'),
(1069, 35, NULL, 6160.00, '2025-05-07 17:42:20', 'Dynamic Pricing Script'),
(1070, 36, NULL, 500.00, '2025-05-07 17:42:20', 'Dynamic Pricing Script'),
(1071, 38, NULL, 7880.00, '2025-05-07 17:42:20', 'Dynamic Pricing Script'),
(1072, 47, NULL, 55000.00, '2025-05-07 17:42:20', 'Dynamic Pricing Script'),
(1073, 48, NULL, 76000.00, '2025-05-07 17:42:20', 'Dynamic Pricing Script'),
(1074, 49, NULL, 14000.00, '2025-05-07 17:42:20', 'Dynamic Pricing Script'),
(1075, 50, NULL, 29000.00, '2025-05-07 17:42:20', 'Dynamic Pricing Script'),
(1076, 26, NULL, 2000.00, '2025-05-07 17:42:48', 'Dynamic Pricing Script'),
(1077, 27, NULL, 7000.00, '2025-05-07 17:42:48', 'Dynamic Pricing Script'),
(1078, 28, NULL, 3000.00, '2025-05-07 17:42:48', 'Dynamic Pricing Script'),
(1079, 30, NULL, 2150.00, '2025-05-07 17:42:48', 'Dynamic Pricing Script'),
(1080, 31, NULL, 12200.00, '2025-05-07 17:42:48', 'Dynamic Pricing Script'),
(1081, 32, NULL, 950.00, '2025-05-07 17:42:48', 'Dynamic Pricing Script'),
(1082, 33, NULL, 800.00, '2025-05-07 17:42:48', 'Dynamic Pricing Script'),
(1083, 34, NULL, 2210.00, '2025-05-07 17:42:48', 'Dynamic Pricing Script'),
(1084, 35, NULL, 6160.00, '2025-05-07 17:42:48', 'Dynamic Pricing Script'),
(1085, 36, NULL, 500.00, '2025-05-07 17:42:48', 'Dynamic Pricing Script'),
(1086, 38, NULL, 7880.00, '2025-05-07 17:42:48', 'Dynamic Pricing Script'),
(1087, 47, NULL, 55000.00, '2025-05-07 17:42:48', 'Dynamic Pricing Script'),
(1088, 48, NULL, 76000.00, '2025-05-07 17:42:48', 'Dynamic Pricing Script'),
(1089, 49, NULL, 14000.00, '2025-05-07 17:42:48', 'Dynamic Pricing Script'),
(1090, 50, NULL, 29000.00, '2025-05-07 17:42:48', 'Dynamic Pricing Script'),
(1091, 26, NULL, 2000.00, '2025-05-07 17:42:55', 'Dynamic Pricing Script'),
(1092, 27, NULL, 7000.00, '2025-05-07 17:42:55', 'Dynamic Pricing Script'),
(1093, 28, NULL, 3000.00, '2025-05-07 17:42:55', 'Dynamic Pricing Script'),
(1094, 30, NULL, 2150.00, '2025-05-07 17:42:55', 'Dynamic Pricing Script'),
(1095, 31, NULL, 12200.00, '2025-05-07 17:42:55', 'Dynamic Pricing Script'),
(1096, 32, NULL, 950.00, '2025-05-07 17:42:55', 'Dynamic Pricing Script'),
(1097, 33, NULL, 800.00, '2025-05-07 17:42:55', 'Dynamic Pricing Script'),
(1098, 34, NULL, 2210.00, '2025-05-07 17:42:55', 'Dynamic Pricing Script'),
(1099, 35, NULL, 6160.00, '2025-05-07 17:42:55', 'Dynamic Pricing Script'),
(1100, 36, NULL, 500.00, '2025-05-07 17:42:55', 'Dynamic Pricing Script'),
(1101, 38, NULL, 7880.00, '2025-05-07 17:42:55', 'Dynamic Pricing Script'),
(1102, 47, NULL, 55000.00, '2025-05-07 17:42:55', 'Dynamic Pricing Script'),
(1103, 48, NULL, 76000.00, '2025-05-07 17:42:55', 'Dynamic Pricing Script'),
(1104, 49, NULL, 14000.00, '2025-05-07 17:42:55', 'Dynamic Pricing Script'),
(1105, 50, NULL, 29000.00, '2025-05-07 17:42:55', 'Dynamic Pricing Script'),
(1106, 26, NULL, 2000.00, '2025-05-07 17:43:02', 'Dynamic Pricing Script'),
(1107, 27, NULL, 7000.00, '2025-05-07 17:43:02', 'Dynamic Pricing Script'),
(1108, 28, NULL, 3000.00, '2025-05-07 17:43:02', 'Dynamic Pricing Script'),
(1109, 30, NULL, 2150.00, '2025-05-07 17:43:02', 'Dynamic Pricing Script'),
(1110, 31, NULL, 12200.00, '2025-05-07 17:43:02', 'Dynamic Pricing Script'),
(1111, 32, NULL, 950.00, '2025-05-07 17:43:02', 'Dynamic Pricing Script'),
(1112, 33, NULL, 800.00, '2025-05-07 17:43:02', 'Dynamic Pricing Script'),
(1113, 34, NULL, 2210.00, '2025-05-07 17:43:02', 'Dynamic Pricing Script'),
(1114, 35, NULL, 6160.00, '2025-05-07 17:43:02', 'Dynamic Pricing Script'),
(1115, 36, NULL, 500.00, '2025-05-07 17:43:02', 'Dynamic Pricing Script'),
(1116, 38, NULL, 7880.00, '2025-05-07 17:43:02', 'Dynamic Pricing Script'),
(1117, 47, NULL, 55000.00, '2025-05-07 17:43:02', 'Dynamic Pricing Script'),
(1118, 48, NULL, 76000.00, '2025-05-07 17:43:02', 'Dynamic Pricing Script'),
(1119, 49, NULL, 14000.00, '2025-05-07 17:43:02', 'Dynamic Pricing Script'),
(1120, 50, NULL, 29000.00, '2025-05-07 17:43:02', 'Dynamic Pricing Script'),
(1121, 26, NULL, 2000.00, '2025-05-07 17:43:05', 'Dynamic Pricing Script'),
(1122, 27, NULL, 7000.00, '2025-05-07 17:43:05', 'Dynamic Pricing Script'),
(1123, 28, NULL, 3000.00, '2025-05-07 17:43:05', 'Dynamic Pricing Script'),
(1124, 30, NULL, 2150.00, '2025-05-07 17:43:05', 'Dynamic Pricing Script'),
(1125, 31, NULL, 12200.00, '2025-05-07 17:43:05', 'Dynamic Pricing Script'),
(1126, 32, NULL, 950.00, '2025-05-07 17:43:05', 'Dynamic Pricing Script'),
(1127, 33, NULL, 800.00, '2025-05-07 17:43:05', 'Dynamic Pricing Script'),
(1128, 34, NULL, 2210.00, '2025-05-07 17:43:05', 'Dynamic Pricing Script'),
(1129, 35, NULL, 6160.00, '2025-05-07 17:43:05', 'Dynamic Pricing Script'),
(1130, 36, NULL, 500.00, '2025-05-07 17:43:05', 'Dynamic Pricing Script'),
(1131, 38, NULL, 7880.00, '2025-05-07 17:43:05', 'Dynamic Pricing Script'),
(1132, 47, NULL, 55000.00, '2025-05-07 17:43:05', 'Dynamic Pricing Script'),
(1133, 48, NULL, 76000.00, '2025-05-07 17:43:05', 'Dynamic Pricing Script'),
(1134, 49, NULL, 14000.00, '2025-05-07 17:43:05', 'Dynamic Pricing Script'),
(1135, 50, NULL, 29000.00, '2025-05-07 17:43:05', 'Dynamic Pricing Script'),
(1136, 26, NULL, 2000.00, '2025-05-07 17:47:16', 'Dynamic Pricing Script'),
(1137, 27, NULL, 7000.00, '2025-05-07 17:47:16', 'Dynamic Pricing Script'),
(1138, 28, NULL, 3000.00, '2025-05-07 17:47:16', 'Dynamic Pricing Script'),
(1139, 30, NULL, 2150.00, '2025-05-07 17:47:16', 'Dynamic Pricing Script'),
(1140, 31, NULL, 12200.00, '2025-05-07 17:47:16', 'Dynamic Pricing Script'),
(1141, 32, NULL, 950.00, '2025-05-07 17:47:16', 'Dynamic Pricing Script'),
(1142, 33, NULL, 800.00, '2025-05-07 17:47:16', 'Dynamic Pricing Script'),
(1143, 34, NULL, 2210.00, '2025-05-07 17:47:16', 'Dynamic Pricing Script'),
(1144, 35, NULL, 6160.00, '2025-05-07 17:47:16', 'Dynamic Pricing Script'),
(1145, 36, NULL, 500.00, '2025-05-07 17:47:16', 'Dynamic Pricing Script'),
(1146, 38, NULL, 7880.00, '2025-05-07 17:47:16', 'Dynamic Pricing Script'),
(1147, 47, NULL, 55000.00, '2025-05-07 17:47:16', 'Dynamic Pricing Script'),
(1148, 48, NULL, 76000.00, '2025-05-07 17:47:16', 'Dynamic Pricing Script'),
(1149, 49, NULL, 14000.00, '2025-05-07 17:47:16', 'Dynamic Pricing Script'),
(1150, 50, NULL, 29000.00, '2025-05-07 17:47:16', 'Dynamic Pricing Script'),
(1151, 26, NULL, 2000.00, '2025-05-07 17:47:26', 'Dynamic Pricing Script'),
(1152, 27, NULL, 7000.00, '2025-05-07 17:47:26', 'Dynamic Pricing Script'),
(1153, 28, NULL, 3000.00, '2025-05-07 17:47:26', 'Dynamic Pricing Script'),
(1154, 30, NULL, 2150.00, '2025-05-07 17:47:26', 'Dynamic Pricing Script'),
(1155, 31, NULL, 12200.00, '2025-05-07 17:47:26', 'Dynamic Pricing Script'),
(1156, 32, NULL, 950.00, '2025-05-07 17:47:26', 'Dynamic Pricing Script'),
(1157, 33, NULL, 800.00, '2025-05-07 17:47:26', 'Dynamic Pricing Script'),
(1158, 34, NULL, 2210.00, '2025-05-07 17:47:26', 'Dynamic Pricing Script'),
(1159, 35, NULL, 6160.00, '2025-05-07 17:47:26', 'Dynamic Pricing Script'),
(1160, 36, NULL, 500.00, '2025-05-07 17:47:26', 'Dynamic Pricing Script'),
(1161, 38, NULL, 7880.00, '2025-05-07 17:47:26', 'Dynamic Pricing Script'),
(1162, 47, NULL, 55000.00, '2025-05-07 17:47:26', 'Dynamic Pricing Script'),
(1163, 48, NULL, 76000.00, '2025-05-07 17:47:26', 'Dynamic Pricing Script'),
(1164, 49, NULL, 14000.00, '2025-05-07 17:47:26', 'Dynamic Pricing Script'),
(1165, 50, NULL, 29000.00, '2025-05-07 17:47:26', 'Dynamic Pricing Script'),
(1166, 26, NULL, 2000.00, '2025-05-07 17:47:32', 'Dynamic Pricing Script'),
(1167, 27, NULL, 7000.00, '2025-05-07 17:47:32', 'Dynamic Pricing Script'),
(1168, 28, NULL, 3000.00, '2025-05-07 17:47:32', 'Dynamic Pricing Script'),
(1169, 30, NULL, 2150.00, '2025-05-07 17:47:32', 'Dynamic Pricing Script'),
(1170, 31, NULL, 12200.00, '2025-05-07 17:47:32', 'Dynamic Pricing Script'),
(1171, 32, NULL, 950.00, '2025-05-07 17:47:32', 'Dynamic Pricing Script'),
(1172, 33, NULL, 800.00, '2025-05-07 17:47:32', 'Dynamic Pricing Script'),
(1173, 34, NULL, 2210.00, '2025-05-07 17:47:32', 'Dynamic Pricing Script'),
(1174, 35, NULL, 6160.00, '2025-05-07 17:47:32', 'Dynamic Pricing Script'),
(1175, 36, NULL, 500.00, '2025-05-07 17:47:32', 'Dynamic Pricing Script'),
(1176, 38, NULL, 7880.00, '2025-05-07 17:47:32', 'Dynamic Pricing Script'),
(1177, 47, NULL, 55000.00, '2025-05-07 17:47:32', 'Dynamic Pricing Script'),
(1178, 48, NULL, 76000.00, '2025-05-07 17:47:32', 'Dynamic Pricing Script'),
(1179, 49, NULL, 14000.00, '2025-05-07 17:47:32', 'Dynamic Pricing Script'),
(1180, 50, NULL, 29000.00, '2025-05-07 17:47:32', 'Dynamic Pricing Script'),
(1181, 26, NULL, 2000.00, '2025-05-07 18:12:03', 'Dynamic Pricing Script'),
(1182, 27, NULL, 7000.00, '2025-05-07 18:12:03', 'Dynamic Pricing Script'),
(1183, 28, NULL, 3000.00, '2025-05-07 18:12:03', 'Dynamic Pricing Script'),
(1184, 30, NULL, 2150.00, '2025-05-07 18:12:03', 'Dynamic Pricing Script'),
(1185, 31, NULL, 12200.00, '2025-05-07 18:12:03', 'Dynamic Pricing Script'),
(1186, 32, NULL, 950.00, '2025-05-07 18:12:03', 'Dynamic Pricing Script'),
(1187, 33, NULL, 800.00, '2025-05-07 18:12:03', 'Dynamic Pricing Script'),
(1188, 34, NULL, 2210.00, '2025-05-07 18:12:03', 'Dynamic Pricing Script'),
(1189, 35, NULL, 6160.00, '2025-05-07 18:12:03', 'Dynamic Pricing Script'),
(1190, 36, NULL, 500.00, '2025-05-07 18:12:03', 'Dynamic Pricing Script'),
(1191, 38, NULL, 7880.00, '2025-05-07 18:12:03', 'Dynamic Pricing Script'),
(1192, 47, NULL, 55000.00, '2025-05-07 18:12:03', 'Dynamic Pricing Script'),
(1193, 48, NULL, 76000.00, '2025-05-07 18:12:03', 'Dynamic Pricing Script'),
(1194, 49, NULL, 14000.00, '2025-05-07 18:12:03', 'Dynamic Pricing Script'),
(1195, 50, NULL, 29000.00, '2025-05-07 18:12:03', 'Dynamic Pricing Script'),
(1196, 26, NULL, 2000.00, '2025-05-07 18:12:10', 'Dynamic Pricing Script'),
(1197, 27, NULL, 7000.00, '2025-05-07 18:12:10', 'Dynamic Pricing Script'),
(1198, 28, NULL, 3000.00, '2025-05-07 18:12:10', 'Dynamic Pricing Script'),
(1199, 30, NULL, 2150.00, '2025-05-07 18:12:10', 'Dynamic Pricing Script'),
(1200, 31, NULL, 12200.00, '2025-05-07 18:12:10', 'Dynamic Pricing Script'),
(1201, 32, NULL, 950.00, '2025-05-07 18:12:10', 'Dynamic Pricing Script'),
(1202, 33, NULL, 800.00, '2025-05-07 18:12:10', 'Dynamic Pricing Script'),
(1203, 34, NULL, 2210.00, '2025-05-07 18:12:10', 'Dynamic Pricing Script'),
(1204, 35, NULL, 6160.00, '2025-05-07 18:12:10', 'Dynamic Pricing Script'),
(1205, 36, NULL, 500.00, '2025-05-07 18:12:10', 'Dynamic Pricing Script'),
(1206, 38, NULL, 7880.00, '2025-05-07 18:12:10', 'Dynamic Pricing Script'),
(1207, 47, NULL, 55000.00, '2025-05-07 18:12:10', 'Dynamic Pricing Script'),
(1208, 48, NULL, 76000.00, '2025-05-07 18:12:10', 'Dynamic Pricing Script'),
(1209, 49, NULL, 14000.00, '2025-05-07 18:12:10', 'Dynamic Pricing Script'),
(1210, 50, NULL, 29000.00, '2025-05-07 18:12:10', 'Dynamic Pricing Script'),
(1211, 26, NULL, 2000.00, '2025-05-07 18:12:18', 'Dynamic Pricing Script'),
(1212, 27, NULL, 7000.00, '2025-05-07 18:12:18', 'Dynamic Pricing Script'),
(1213, 28, NULL, 3000.00, '2025-05-07 18:12:18', 'Dynamic Pricing Script'),
(1214, 30, NULL, 2150.00, '2025-05-07 18:12:18', 'Dynamic Pricing Script'),
(1215, 31, NULL, 12200.00, '2025-05-07 18:12:18', 'Dynamic Pricing Script'),
(1216, 32, NULL, 950.00, '2025-05-07 18:12:18', 'Dynamic Pricing Script'),
(1217, 33, NULL, 800.00, '2025-05-07 18:12:18', 'Dynamic Pricing Script'),
(1218, 34, NULL, 2210.00, '2025-05-07 18:12:18', 'Dynamic Pricing Script'),
(1219, 35, NULL, 6160.00, '2025-05-07 18:12:18', 'Dynamic Pricing Script'),
(1220, 36, NULL, 500.00, '2025-05-07 18:12:18', 'Dynamic Pricing Script'),
(1221, 38, NULL, 7880.00, '2025-05-07 18:12:18', 'Dynamic Pricing Script'),
(1222, 47, NULL, 55000.00, '2025-05-07 18:12:18', 'Dynamic Pricing Script'),
(1223, 48, NULL, 76000.00, '2025-05-07 18:12:18', 'Dynamic Pricing Script'),
(1224, 49, NULL, 14000.00, '2025-05-07 18:12:18', 'Dynamic Pricing Script'),
(1225, 50, NULL, 29000.00, '2025-05-07 18:12:18', 'Dynamic Pricing Script'),
(1226, 26, NULL, 2000.00, '2025-05-07 18:12:31', 'Dynamic Pricing Script'),
(1227, 27, NULL, 7000.00, '2025-05-07 18:12:31', 'Dynamic Pricing Script'),
(1228, 28, NULL, 3000.00, '2025-05-07 18:12:31', 'Dynamic Pricing Script'),
(1229, 30, NULL, 2150.00, '2025-05-07 18:12:31', 'Dynamic Pricing Script'),
(1230, 31, NULL, 12200.00, '2025-05-07 18:12:31', 'Dynamic Pricing Script'),
(1231, 32, NULL, 950.00, '2025-05-07 18:12:31', 'Dynamic Pricing Script'),
(1232, 33, NULL, 800.00, '2025-05-07 18:12:31', 'Dynamic Pricing Script'),
(1233, 34, NULL, 2210.00, '2025-05-07 18:12:31', 'Dynamic Pricing Script'),
(1234, 35, NULL, 6160.00, '2025-05-07 18:12:31', 'Dynamic Pricing Script'),
(1235, 36, NULL, 500.00, '2025-05-07 18:12:31', 'Dynamic Pricing Script'),
(1236, 38, NULL, 7880.00, '2025-05-07 18:12:31', 'Dynamic Pricing Script'),
(1237, 47, NULL, 55000.00, '2025-05-07 18:12:31', 'Dynamic Pricing Script'),
(1238, 48, NULL, 76000.00, '2025-05-07 18:12:31', 'Dynamic Pricing Script'),
(1239, 49, NULL, 14000.00, '2025-05-07 18:12:31', 'Dynamic Pricing Script'),
(1240, 50, NULL, 29000.00, '2025-05-07 18:12:31', 'Dynamic Pricing Script'),
(1241, 26, NULL, 2000.00, '2025-05-07 18:13:27', 'Dynamic Pricing Script'),
(1242, 27, NULL, 7000.00, '2025-05-07 18:13:27', 'Dynamic Pricing Script'),
(1243, 28, NULL, 3000.00, '2025-05-07 18:13:27', 'Dynamic Pricing Script'),
(1244, 30, NULL, 2150.00, '2025-05-07 18:13:27', 'Dynamic Pricing Script'),
(1245, 31, NULL, 12200.00, '2025-05-07 18:13:27', 'Dynamic Pricing Script'),
(1246, 32, NULL, 950.00, '2025-05-07 18:13:27', 'Dynamic Pricing Script'),
(1247, 33, NULL, 280.00, '2025-05-07 18:13:27', 'Dynamic Pricing Script'),
(1248, 34, NULL, 2210.00, '2025-05-07 18:13:27', 'Dynamic Pricing Script'),
(1249, 35, NULL, 6160.00, '2025-05-07 18:13:27', 'Dynamic Pricing Script'),
(1250, 36, NULL, 500.00, '2025-05-07 18:13:27', 'Dynamic Pricing Script'),
(1251, 38, NULL, 7880.00, '2025-05-07 18:13:27', 'Dynamic Pricing Script'),
(1252, 47, NULL, 55000.00, '2025-05-07 18:13:27', 'Dynamic Pricing Script'),
(1253, 48, NULL, 76000.00, '2025-05-07 18:13:27', 'Dynamic Pricing Script'),
(1254, 49, NULL, 14000.00, '2025-05-07 18:13:27', 'Dynamic Pricing Script'),
(1255, 50, NULL, 29000.00, '2025-05-07 18:13:27', 'Dynamic Pricing Script'),
(1256, 26, NULL, 2000.00, '2025-05-07 18:13:28', 'Dynamic Pricing Script'),
(1257, 27, NULL, 7000.00, '2025-05-07 18:13:28', 'Dynamic Pricing Script'),
(1258, 28, NULL, 3000.00, '2025-05-07 18:13:28', 'Dynamic Pricing Script'),
(1259, 30, NULL, 2150.00, '2025-05-07 18:13:28', 'Dynamic Pricing Script'),
(1260, 31, NULL, 12200.00, '2025-05-07 18:13:28', 'Dynamic Pricing Script'),
(1261, 32, NULL, 950.00, '2025-05-07 18:13:28', 'Dynamic Pricing Script'),
(1262, 33, NULL, 280.00, '2025-05-07 18:13:28', 'Dynamic Pricing Script'),
(1263, 34, NULL, 2210.00, '2025-05-07 18:13:28', 'Dynamic Pricing Script'),
(1264, 35, NULL, 6160.00, '2025-05-07 18:13:28', 'Dynamic Pricing Script'),
(1265, 36, NULL, 500.00, '2025-05-07 18:13:28', 'Dynamic Pricing Script'),
(1266, 38, NULL, 7880.00, '2025-05-07 18:13:28', 'Dynamic Pricing Script'),
(1267, 47, NULL, 55000.00, '2025-05-07 18:13:28', 'Dynamic Pricing Script'),
(1268, 48, NULL, 76000.00, '2025-05-07 18:13:28', 'Dynamic Pricing Script'),
(1269, 49, NULL, 14000.00, '2025-05-07 18:13:28', 'Dynamic Pricing Script'),
(1270, 50, NULL, 29000.00, '2025-05-07 18:13:28', 'Dynamic Pricing Script'),
(1271, 26, NULL, 2000.00, '2025-05-07 18:13:32', 'Dynamic Pricing Script'),
(1272, 27, NULL, 7000.00, '2025-05-07 18:13:32', 'Dynamic Pricing Script'),
(1273, 28, NULL, 3000.00, '2025-05-07 18:13:32', 'Dynamic Pricing Script'),
(1274, 30, NULL, 2150.00, '2025-05-07 18:13:32', 'Dynamic Pricing Script'),
(1275, 31, NULL, 12200.00, '2025-05-07 18:13:32', 'Dynamic Pricing Script'),
(1276, 32, NULL, 950.00, '2025-05-07 18:13:32', 'Dynamic Pricing Script'),
(1277, 33, NULL, 280.00, '2025-05-07 18:13:32', 'Dynamic Pricing Script'),
(1278, 34, NULL, 2210.00, '2025-05-07 18:13:32', 'Dynamic Pricing Script'),
(1279, 35, NULL, 6160.00, '2025-05-07 18:13:32', 'Dynamic Pricing Script'),
(1280, 36, NULL, 500.00, '2025-05-07 18:13:32', 'Dynamic Pricing Script'),
(1281, 38, NULL, 7880.00, '2025-05-07 18:13:32', 'Dynamic Pricing Script'),
(1282, 47, NULL, 55000.00, '2025-05-07 18:13:32', 'Dynamic Pricing Script'),
(1283, 48, NULL, 76000.00, '2025-05-07 18:13:32', 'Dynamic Pricing Script'),
(1284, 49, NULL, 14000.00, '2025-05-07 18:13:32', 'Dynamic Pricing Script'),
(1285, 50, NULL, 29000.00, '2025-05-07 18:13:32', 'Dynamic Pricing Script'),
(1286, 26, NULL, 2000.00, '2025-05-07 18:14:34', 'Dynamic Pricing Script'),
(1287, 27, NULL, 7000.00, '2025-05-07 18:14:34', 'Dynamic Pricing Script'),
(1288, 28, NULL, 3000.00, '2025-05-07 18:14:34', 'Dynamic Pricing Script'),
(1289, 30, NULL, 2150.00, '2025-05-07 18:14:34', 'Dynamic Pricing Script'),
(1290, 31, NULL, 12200.00, '2025-05-07 18:14:34', 'Dynamic Pricing Script'),
(1291, 32, NULL, 950.00, '2025-05-07 18:14:34', 'Dynamic Pricing Script'),
(1292, 33, NULL, 280.00, '2025-05-07 18:14:34', 'Dynamic Pricing Script'),
(1293, 34, NULL, 2210.00, '2025-05-07 18:14:34', 'Dynamic Pricing Script'),
(1294, 35, NULL, 6160.00, '2025-05-07 18:14:34', 'Dynamic Pricing Script'),
(1295, 36, NULL, 500.00, '2025-05-07 18:14:34', 'Dynamic Pricing Script'),
(1296, 38, NULL, 7880.00, '2025-05-07 18:14:34', 'Dynamic Pricing Script'),
(1297, 47, NULL, 55000.00, '2025-05-07 18:14:34', 'Dynamic Pricing Script'),
(1298, 48, NULL, 76000.00, '2025-05-07 18:14:34', 'Dynamic Pricing Script'),
(1299, 49, NULL, 14000.00, '2025-05-07 18:14:34', 'Dynamic Pricing Script'),
(1300, 50, NULL, 29000.00, '2025-05-07 18:14:34', 'Dynamic Pricing Script'),
(1301, 26, NULL, 2000.00, '2025-05-07 18:18:19', 'Dynamic Pricing Script'),
(1302, 27, NULL, 7000.00, '2025-05-07 18:18:19', 'Dynamic Pricing Script'),
(1303, 28, NULL, 3000.00, '2025-05-07 18:18:19', 'Dynamic Pricing Script'),
(1304, 30, NULL, 2150.00, '2025-05-07 18:18:19', 'Dynamic Pricing Script'),
(1305, 31, NULL, 12200.00, '2025-05-07 18:18:19', 'Dynamic Pricing Script'),
(1306, 32, NULL, 950.00, '2025-05-07 18:18:19', 'Dynamic Pricing Script'),
(1307, 33, NULL, 280.00, '2025-05-07 18:18:19', 'Dynamic Pricing Script'),
(1308, 34, NULL, 2210.00, '2025-05-07 18:18:19', 'Dynamic Pricing Script'),
(1309, 35, NULL, 6160.00, '2025-05-07 18:18:19', 'Dynamic Pricing Script'),
(1310, 36, NULL, 500.00, '2025-05-07 18:18:19', 'Dynamic Pricing Script'),
(1311, 38, NULL, 7880.00, '2025-05-07 18:18:19', 'Dynamic Pricing Script'),
(1312, 47, NULL, 55000.00, '2025-05-07 18:18:19', 'Dynamic Pricing Script'),
(1313, 48, NULL, 76000.00, '2025-05-07 18:18:19', 'Dynamic Pricing Script'),
(1314, 49, NULL, 14000.00, '2025-05-07 18:18:19', 'Dynamic Pricing Script'),
(1315, 50, NULL, 29000.00, '2025-05-07 18:18:19', 'Dynamic Pricing Script'),
(1316, 26, NULL, 2000.00, '2025-05-07 18:18:22', 'Dynamic Pricing Script'),
(1317, 27, NULL, 7000.00, '2025-05-07 18:18:22', 'Dynamic Pricing Script'),
(1318, 28, NULL, 3000.00, '2025-05-07 18:18:22', 'Dynamic Pricing Script'),
(1319, 30, NULL, 2150.00, '2025-05-07 18:18:22', 'Dynamic Pricing Script'),
(1320, 31, NULL, 12200.00, '2025-05-07 18:18:22', 'Dynamic Pricing Script'),
(1321, 32, NULL, 950.00, '2025-05-07 18:18:22', 'Dynamic Pricing Script'),
(1322, 33, NULL, 280.00, '2025-05-07 18:18:22', 'Dynamic Pricing Script'),
(1323, 34, NULL, 2210.00, '2025-05-07 18:18:22', 'Dynamic Pricing Script'),
(1324, 35, NULL, 6160.00, '2025-05-07 18:18:22', 'Dynamic Pricing Script'),
(1325, 36, NULL, 500.00, '2025-05-07 18:18:22', 'Dynamic Pricing Script'),
(1326, 38, NULL, 7880.00, '2025-05-07 18:18:22', 'Dynamic Pricing Script'),
(1327, 47, NULL, 55000.00, '2025-05-07 18:18:22', 'Dynamic Pricing Script'),
(1328, 48, NULL, 76000.00, '2025-05-07 18:18:22', 'Dynamic Pricing Script'),
(1329, 49, NULL, 14000.00, '2025-05-07 18:18:22', 'Dynamic Pricing Script'),
(1330, 50, NULL, 29000.00, '2025-05-07 18:18:22', 'Dynamic Pricing Script'),
(1331, 26, NULL, 2000.00, '2025-05-07 18:18:31', 'Dynamic Pricing Script'),
(1332, 27, NULL, 7000.00, '2025-05-07 18:18:31', 'Dynamic Pricing Script'),
(1333, 28, NULL, 3000.00, '2025-05-07 18:18:31', 'Dynamic Pricing Script'),
(1334, 30, NULL, 2150.00, '2025-05-07 18:18:31', 'Dynamic Pricing Script'),
(1335, 31, NULL, 12200.00, '2025-05-07 18:18:31', 'Dynamic Pricing Script'),
(1336, 32, NULL, 950.00, '2025-05-07 18:18:31', 'Dynamic Pricing Script'),
(1337, 33, NULL, 280.00, '2025-05-07 18:18:31', 'Dynamic Pricing Script'),
(1338, 34, NULL, 2210.00, '2025-05-07 18:18:31', 'Dynamic Pricing Script'),
(1339, 35, NULL, 6160.00, '2025-05-07 18:18:31', 'Dynamic Pricing Script'),
(1340, 36, NULL, 500.00, '2025-05-07 18:18:31', 'Dynamic Pricing Script'),
(1341, 38, NULL, 7880.00, '2025-05-07 18:18:31', 'Dynamic Pricing Script'),
(1342, 47, NULL, 55000.00, '2025-05-07 18:18:31', 'Dynamic Pricing Script'),
(1343, 48, NULL, 76000.00, '2025-05-07 18:18:31', 'Dynamic Pricing Script'),
(1344, 49, NULL, 14000.00, '2025-05-07 18:18:31', 'Dynamic Pricing Script'),
(1345, 50, NULL, 29000.00, '2025-05-07 18:18:31', 'Dynamic Pricing Script'),
(1346, 26, NULL, 2000.00, '2025-05-07 18:19:18', 'Dynamic Pricing Script'),
(1347, 27, NULL, 7000.00, '2025-05-07 18:19:18', 'Dynamic Pricing Script'),
(1348, 28, NULL, 3000.00, '2025-05-07 18:19:18', 'Dynamic Pricing Script'),
(1349, 30, NULL, 2150.00, '2025-05-07 18:19:18', 'Dynamic Pricing Script'),
(1350, 31, NULL, 12200.00, '2025-05-07 18:19:18', 'Dynamic Pricing Script'),
(1351, 32, NULL, 950.00, '2025-05-07 18:19:18', 'Dynamic Pricing Script'),
(1352, 33, NULL, 280.00, '2025-05-07 18:19:18', 'Dynamic Pricing Script'),
(1353, 34, NULL, 2210.00, '2025-05-07 18:19:18', 'Dynamic Pricing Script'),
(1354, 35, NULL, 6160.00, '2025-05-07 18:19:18', 'Dynamic Pricing Script'),
(1355, 36, NULL, 500.00, '2025-05-07 18:19:18', 'Dynamic Pricing Script'),
(1356, 38, NULL, 7880.00, '2025-05-07 18:19:18', 'Dynamic Pricing Script'),
(1357, 47, NULL, 55000.00, '2025-05-07 18:19:18', 'Dynamic Pricing Script'),
(1358, 48, NULL, 76000.00, '2025-05-07 18:19:18', 'Dynamic Pricing Script'),
(1359, 49, NULL, 14000.00, '2025-05-07 18:19:18', 'Dynamic Pricing Script'),
(1360, 50, NULL, 29000.00, '2025-05-07 18:19:18', 'Dynamic Pricing Script'),
(1361, 26, NULL, 2000.00, '2025-05-07 18:19:23', 'Dynamic Pricing Script'),
(1362, 27, NULL, 7000.00, '2025-05-07 18:19:23', 'Dynamic Pricing Script'),
(1363, 28, NULL, 3000.00, '2025-05-07 18:19:23', 'Dynamic Pricing Script'),
(1364, 30, NULL, 2150.00, '2025-05-07 18:19:23', 'Dynamic Pricing Script'),
(1365, 31, NULL, 12200.00, '2025-05-07 18:19:23', 'Dynamic Pricing Script');
INSERT INTO `price_history` (`id`, `product_id`, `old_price`, `price`, `date_changed`, `changed_by`) VALUES
(1366, 32, NULL, 950.00, '2025-05-07 18:19:23', 'Dynamic Pricing Script'),
(1367, 33, NULL, 280.00, '2025-05-07 18:19:23', 'Dynamic Pricing Script'),
(1368, 34, NULL, 2210.00, '2025-05-07 18:19:23', 'Dynamic Pricing Script'),
(1369, 35, NULL, 6160.00, '2025-05-07 18:19:23', 'Dynamic Pricing Script'),
(1370, 36, NULL, 500.00, '2025-05-07 18:19:23', 'Dynamic Pricing Script'),
(1371, 38, NULL, 7880.00, '2025-05-07 18:19:23', 'Dynamic Pricing Script'),
(1372, 47, NULL, 55000.00, '2025-05-07 18:19:23', 'Dynamic Pricing Script'),
(1373, 48, NULL, 76000.00, '2025-05-07 18:19:23', 'Dynamic Pricing Script'),
(1374, 49, NULL, 14000.00, '2025-05-07 18:19:23', 'Dynamic Pricing Script'),
(1375, 50, NULL, 29000.00, '2025-05-07 18:19:23', 'Dynamic Pricing Script'),
(1376, 26, NULL, 2000.00, '2025-05-07 18:19:27', 'Dynamic Pricing Script'),
(1377, 27, NULL, 7000.00, '2025-05-07 18:19:27', 'Dynamic Pricing Script'),
(1378, 28, NULL, 3000.00, '2025-05-07 18:19:27', 'Dynamic Pricing Script'),
(1379, 30, NULL, 2150.00, '2025-05-07 18:19:27', 'Dynamic Pricing Script'),
(1380, 31, NULL, 12200.00, '2025-05-07 18:19:27', 'Dynamic Pricing Script'),
(1381, 32, NULL, 950.00, '2025-05-07 18:19:27', 'Dynamic Pricing Script'),
(1382, 33, NULL, 280.00, '2025-05-07 18:19:27', 'Dynamic Pricing Script'),
(1383, 34, NULL, 2210.00, '2025-05-07 18:19:27', 'Dynamic Pricing Script'),
(1384, 35, NULL, 6160.00, '2025-05-07 18:19:27', 'Dynamic Pricing Script'),
(1385, 36, NULL, 500.00, '2025-05-07 18:19:27', 'Dynamic Pricing Script'),
(1386, 38, NULL, 7880.00, '2025-05-07 18:19:27', 'Dynamic Pricing Script'),
(1387, 47, NULL, 55000.00, '2025-05-07 18:19:27', 'Dynamic Pricing Script'),
(1388, 48, NULL, 76000.00, '2025-05-07 18:19:27', 'Dynamic Pricing Script'),
(1389, 49, NULL, 14000.00, '2025-05-07 18:19:27', 'Dynamic Pricing Script'),
(1390, 50, NULL, 29000.00, '2025-05-07 18:19:27', 'Dynamic Pricing Script'),
(1391, 26, NULL, 2000.00, '2025-05-07 18:19:36', 'Dynamic Pricing Script'),
(1392, 27, NULL, 7000.00, '2025-05-07 18:19:36', 'Dynamic Pricing Script'),
(1393, 28, NULL, 3000.00, '2025-05-07 18:19:36', 'Dynamic Pricing Script'),
(1394, 30, NULL, 2150.00, '2025-05-07 18:19:36', 'Dynamic Pricing Script'),
(1395, 31, NULL, 12200.00, '2025-05-07 18:19:36', 'Dynamic Pricing Script'),
(1396, 32, NULL, 950.00, '2025-05-07 18:19:36', 'Dynamic Pricing Script'),
(1397, 33, NULL, 280.00, '2025-05-07 18:19:36', 'Dynamic Pricing Script'),
(1398, 34, NULL, 2210.00, '2025-05-07 18:19:36', 'Dynamic Pricing Script'),
(1399, 35, NULL, 6160.00, '2025-05-07 18:19:36', 'Dynamic Pricing Script'),
(1400, 36, NULL, 500.00, '2025-05-07 18:19:36', 'Dynamic Pricing Script'),
(1401, 38, NULL, 7880.00, '2025-05-07 18:19:36', 'Dynamic Pricing Script'),
(1402, 47, NULL, 55000.00, '2025-05-07 18:19:36', 'Dynamic Pricing Script'),
(1403, 48, NULL, 76000.00, '2025-05-07 18:19:36', 'Dynamic Pricing Script'),
(1404, 49, NULL, 14000.00, '2025-05-07 18:19:36', 'Dynamic Pricing Script'),
(1405, 50, NULL, 29000.00, '2025-05-07 18:19:36', 'Dynamic Pricing Script'),
(1406, 26, NULL, 2000.00, '2025-05-07 18:19:43', 'Dynamic Pricing Script'),
(1407, 27, NULL, 7000.00, '2025-05-07 18:19:43', 'Dynamic Pricing Script'),
(1408, 28, NULL, 3000.00, '2025-05-07 18:19:43', 'Dynamic Pricing Script'),
(1409, 30, NULL, 2150.00, '2025-05-07 18:19:43', 'Dynamic Pricing Script'),
(1410, 31, NULL, 12200.00, '2025-05-07 18:19:43', 'Dynamic Pricing Script'),
(1411, 32, NULL, 950.00, '2025-05-07 18:19:43', 'Dynamic Pricing Script'),
(1412, 33, NULL, 280.00, '2025-05-07 18:19:43', 'Dynamic Pricing Script'),
(1413, 34, NULL, 2210.00, '2025-05-07 18:19:43', 'Dynamic Pricing Script'),
(1414, 35, NULL, 6160.00, '2025-05-07 18:19:43', 'Dynamic Pricing Script'),
(1415, 36, NULL, 500.00, '2025-05-07 18:19:43', 'Dynamic Pricing Script'),
(1416, 38, NULL, 7880.00, '2025-05-07 18:19:43', 'Dynamic Pricing Script'),
(1417, 47, NULL, 55000.00, '2025-05-07 18:19:43', 'Dynamic Pricing Script'),
(1418, 48, NULL, 76000.00, '2025-05-07 18:19:43', 'Dynamic Pricing Script'),
(1419, 49, NULL, 14000.00, '2025-05-07 18:19:43', 'Dynamic Pricing Script'),
(1420, 50, NULL, 29000.00, '2025-05-07 18:19:43', 'Dynamic Pricing Script'),
(1421, 26, NULL, 2000.00, '2025-05-07 18:19:48', 'Dynamic Pricing Script'),
(1422, 27, NULL, 7000.00, '2025-05-07 18:19:48', 'Dynamic Pricing Script'),
(1423, 28, NULL, 3000.00, '2025-05-07 18:19:48', 'Dynamic Pricing Script'),
(1424, 30, NULL, 2150.00, '2025-05-07 18:19:48', 'Dynamic Pricing Script'),
(1425, 31, NULL, 12200.00, '2025-05-07 18:19:48', 'Dynamic Pricing Script'),
(1426, 32, NULL, 950.00, '2025-05-07 18:19:48', 'Dynamic Pricing Script'),
(1427, 33, NULL, 280.00, '2025-05-07 18:19:48', 'Dynamic Pricing Script'),
(1428, 34, NULL, 2210.00, '2025-05-07 18:19:48', 'Dynamic Pricing Script'),
(1429, 35, NULL, 6160.00, '2025-05-07 18:19:48', 'Dynamic Pricing Script'),
(1430, 36, NULL, 500.00, '2025-05-07 18:19:48', 'Dynamic Pricing Script'),
(1431, 38, NULL, 7880.00, '2025-05-07 18:19:48', 'Dynamic Pricing Script'),
(1432, 47, NULL, 55000.00, '2025-05-07 18:19:48', 'Dynamic Pricing Script'),
(1433, 48, NULL, 76000.00, '2025-05-07 18:19:48', 'Dynamic Pricing Script'),
(1434, 49, NULL, 14000.00, '2025-05-07 18:19:48', 'Dynamic Pricing Script'),
(1435, 50, NULL, 29000.00, '2025-05-07 18:19:48', 'Dynamic Pricing Script'),
(1436, 26, NULL, 2000.00, '2025-05-07 18:19:56', 'Dynamic Pricing Script'),
(1437, 27, NULL, 7000.00, '2025-05-07 18:19:56', 'Dynamic Pricing Script'),
(1438, 28, NULL, 3000.00, '2025-05-07 18:19:56', 'Dynamic Pricing Script'),
(1439, 30, NULL, 2150.00, '2025-05-07 18:19:56', 'Dynamic Pricing Script'),
(1440, 31, NULL, 12200.00, '2025-05-07 18:19:56', 'Dynamic Pricing Script'),
(1441, 32, NULL, 950.00, '2025-05-07 18:19:56', 'Dynamic Pricing Script'),
(1442, 33, NULL, 280.00, '2025-05-07 18:19:56', 'Dynamic Pricing Script'),
(1443, 34, NULL, 2210.00, '2025-05-07 18:19:56', 'Dynamic Pricing Script'),
(1444, 35, NULL, 6160.00, '2025-05-07 18:19:56', 'Dynamic Pricing Script'),
(1445, 36, NULL, 500.00, '2025-05-07 18:19:56', 'Dynamic Pricing Script'),
(1446, 38, NULL, 7880.00, '2025-05-07 18:19:56', 'Dynamic Pricing Script'),
(1447, 47, NULL, 55000.00, '2025-05-07 18:19:56', 'Dynamic Pricing Script'),
(1448, 48, NULL, 76000.00, '2025-05-07 18:19:56', 'Dynamic Pricing Script'),
(1449, 49, NULL, 14000.00, '2025-05-07 18:19:56', 'Dynamic Pricing Script'),
(1450, 50, NULL, 29000.00, '2025-05-07 18:19:56', 'Dynamic Pricing Script'),
(1451, 26, NULL, 2000.00, '2025-05-07 18:20:23', 'Dynamic Pricing Script'),
(1452, 27, NULL, 7000.00, '2025-05-07 18:20:23', 'Dynamic Pricing Script'),
(1453, 28, NULL, 3000.00, '2025-05-07 18:20:23', 'Dynamic Pricing Script'),
(1454, 30, NULL, 2150.00, '2025-05-07 18:20:23', 'Dynamic Pricing Script'),
(1455, 31, NULL, 12200.00, '2025-05-07 18:20:23', 'Dynamic Pricing Script'),
(1456, 32, NULL, 620.00, '2025-05-07 18:20:23', 'Dynamic Pricing Script'),
(1457, 33, NULL, 280.00, '2025-05-07 18:20:23', 'Dynamic Pricing Script'),
(1458, 34, NULL, 2210.00, '2025-05-07 18:20:23', 'Dynamic Pricing Script'),
(1459, 35, NULL, 6160.00, '2025-05-07 18:20:23', 'Dynamic Pricing Script'),
(1460, 36, NULL, 500.00, '2025-05-07 18:20:23', 'Dynamic Pricing Script'),
(1461, 38, NULL, 7880.00, '2025-05-07 18:20:23', 'Dynamic Pricing Script'),
(1462, 47, NULL, 55000.00, '2025-05-07 18:20:23', 'Dynamic Pricing Script'),
(1463, 48, NULL, 76000.00, '2025-05-07 18:20:23', 'Dynamic Pricing Script'),
(1464, 49, NULL, 14000.00, '2025-05-07 18:20:23', 'Dynamic Pricing Script'),
(1465, 50, NULL, 29000.00, '2025-05-07 18:20:23', 'Dynamic Pricing Script'),
(1466, 26, NULL, 2000.00, '2025-05-07 18:20:30', 'Dynamic Pricing Script'),
(1467, 27, NULL, 7000.00, '2025-05-07 18:20:30', 'Dynamic Pricing Script'),
(1468, 28, NULL, 3000.00, '2025-05-07 18:20:30', 'Dynamic Pricing Script'),
(1469, 30, NULL, 2150.00, '2025-05-07 18:20:30', 'Dynamic Pricing Script'),
(1470, 31, NULL, 12200.00, '2025-05-07 18:20:30', 'Dynamic Pricing Script'),
(1471, 32, NULL, 620.00, '2025-05-07 18:20:30', 'Dynamic Pricing Script'),
(1472, 33, NULL, 280.00, '2025-05-07 18:20:30', 'Dynamic Pricing Script'),
(1473, 34, NULL, 2210.00, '2025-05-07 18:20:30', 'Dynamic Pricing Script'),
(1474, 35, NULL, 6160.00, '2025-05-07 18:20:30', 'Dynamic Pricing Script'),
(1475, 36, NULL, 500.00, '2025-05-07 18:20:30', 'Dynamic Pricing Script'),
(1476, 38, NULL, 7880.00, '2025-05-07 18:20:30', 'Dynamic Pricing Script'),
(1477, 47, NULL, 55000.00, '2025-05-07 18:20:30', 'Dynamic Pricing Script'),
(1478, 48, NULL, 76000.00, '2025-05-07 18:20:30', 'Dynamic Pricing Script'),
(1479, 49, NULL, 14000.00, '2025-05-07 18:20:30', 'Dynamic Pricing Script'),
(1480, 50, NULL, 29000.00, '2025-05-07 18:20:30', 'Dynamic Pricing Script'),
(1481, 26, NULL, 2000.00, '2025-05-07 18:20:37', 'Dynamic Pricing Script'),
(1482, 27, NULL, 7000.00, '2025-05-07 18:20:38', 'Dynamic Pricing Script'),
(1483, 28, NULL, 3000.00, '2025-05-07 18:20:38', 'Dynamic Pricing Script'),
(1484, 30, NULL, 2150.00, '2025-05-07 18:20:38', 'Dynamic Pricing Script'),
(1485, 31, NULL, 12200.00, '2025-05-07 18:20:38', 'Dynamic Pricing Script'),
(1486, 32, NULL, 620.00, '2025-05-07 18:20:38', 'Dynamic Pricing Script'),
(1487, 33, NULL, 280.00, '2025-05-07 18:20:38', 'Dynamic Pricing Script'),
(1488, 34, NULL, 2210.00, '2025-05-07 18:20:38', 'Dynamic Pricing Script'),
(1489, 35, NULL, 6160.00, '2025-05-07 18:20:38', 'Dynamic Pricing Script'),
(1490, 36, NULL, 500.00, '2025-05-07 18:20:38', 'Dynamic Pricing Script'),
(1491, 38, NULL, 7880.00, '2025-05-07 18:20:38', 'Dynamic Pricing Script'),
(1492, 47, NULL, 55000.00, '2025-05-07 18:20:38', 'Dynamic Pricing Script'),
(1493, 48, NULL, 76000.00, '2025-05-07 18:20:38', 'Dynamic Pricing Script'),
(1494, 49, NULL, 14000.00, '2025-05-07 18:20:38', 'Dynamic Pricing Script'),
(1495, 50, NULL, 29000.00, '2025-05-07 18:20:38', 'Dynamic Pricing Script'),
(1496, 26, NULL, 2000.00, '2025-05-07 18:21:19', 'Dynamic Pricing Script'),
(1497, 27, NULL, 7000.00, '2025-05-07 18:21:20', 'Dynamic Pricing Script'),
(1498, 28, NULL, 3000.00, '2025-05-07 18:21:20', 'Dynamic Pricing Script'),
(1499, 30, NULL, 2150.00, '2025-05-07 18:21:20', 'Dynamic Pricing Script'),
(1500, 31, NULL, 12200.00, '2025-05-07 18:21:20', 'Dynamic Pricing Script'),
(1501, 32, NULL, 950.00, '2025-05-07 18:21:20', 'Dynamic Pricing Script'),
(1502, 33, NULL, 280.00, '2025-05-07 18:21:20', 'Dynamic Pricing Script'),
(1503, 34, NULL, 2210.00, '2025-05-07 18:21:20', 'Dynamic Pricing Script'),
(1504, 35, NULL, 6160.00, '2025-05-07 18:21:20', 'Dynamic Pricing Script'),
(1505, 36, NULL, 500.00, '2025-05-07 18:21:20', 'Dynamic Pricing Script'),
(1506, 38, NULL, 7880.00, '2025-05-07 18:21:20', 'Dynamic Pricing Script'),
(1507, 47, NULL, 55000.00, '2025-05-07 18:21:20', 'Dynamic Pricing Script'),
(1508, 48, NULL, 76000.00, '2025-05-07 18:21:20', 'Dynamic Pricing Script'),
(1509, 49, NULL, 14000.00, '2025-05-07 18:21:20', 'Dynamic Pricing Script'),
(1510, 50, NULL, 29000.00, '2025-05-07 18:21:20', 'Dynamic Pricing Script'),
(1511, 26, NULL, 2000.00, '2025-05-07 18:21:34', 'Dynamic Pricing Script'),
(1512, 27, NULL, 7000.00, '2025-05-07 18:21:34', 'Dynamic Pricing Script'),
(1513, 28, NULL, 3000.00, '2025-05-07 18:21:34', 'Dynamic Pricing Script'),
(1514, 30, NULL, 2150.00, '2025-05-07 18:21:34', 'Dynamic Pricing Script'),
(1515, 31, NULL, 12200.00, '2025-05-07 18:21:34', 'Dynamic Pricing Script'),
(1516, 32, NULL, 950.00, '2025-05-07 18:21:34', 'Dynamic Pricing Script'),
(1517, 33, NULL, 280.00, '2025-05-07 18:21:34', 'Dynamic Pricing Script'),
(1518, 34, NULL, 2210.00, '2025-05-07 18:21:34', 'Dynamic Pricing Script'),
(1519, 35, NULL, 6160.00, '2025-05-07 18:21:34', 'Dynamic Pricing Script'),
(1520, 36, NULL, 500.00, '2025-05-07 18:21:34', 'Dynamic Pricing Script'),
(1521, 38, NULL, 7880.00, '2025-05-07 18:21:34', 'Dynamic Pricing Script'),
(1522, 47, NULL, 55000.00, '2025-05-07 18:21:34', 'Dynamic Pricing Script'),
(1523, 48, NULL, 76000.00, '2025-05-07 18:21:34', 'Dynamic Pricing Script'),
(1524, 49, NULL, 14000.00, '2025-05-07 18:21:34', 'Dynamic Pricing Script'),
(1525, 50, NULL, 29000.00, '2025-05-07 18:21:34', 'Dynamic Pricing Script'),
(1526, 26, NULL, 2000.00, '2025-05-07 18:21:40', 'Dynamic Pricing Script'),
(1527, 27, NULL, 7000.00, '2025-05-07 18:21:40', 'Dynamic Pricing Script'),
(1528, 28, NULL, 3000.00, '2025-05-07 18:21:40', 'Dynamic Pricing Script'),
(1529, 30, NULL, 2150.00, '2025-05-07 18:21:40', 'Dynamic Pricing Script'),
(1530, 31, NULL, 12200.00, '2025-05-07 18:21:40', 'Dynamic Pricing Script'),
(1531, 32, NULL, 950.00, '2025-05-07 18:21:40', 'Dynamic Pricing Script'),
(1532, 33, NULL, 280.00, '2025-05-07 18:21:40', 'Dynamic Pricing Script'),
(1533, 34, NULL, 2210.00, '2025-05-07 18:21:40', 'Dynamic Pricing Script'),
(1534, 35, NULL, 6160.00, '2025-05-07 18:21:40', 'Dynamic Pricing Script'),
(1535, 36, NULL, 500.00, '2025-05-07 18:21:40', 'Dynamic Pricing Script'),
(1536, 38, NULL, 7880.00, '2025-05-07 18:21:40', 'Dynamic Pricing Script'),
(1537, 47, NULL, 55000.00, '2025-05-07 18:21:40', 'Dynamic Pricing Script'),
(1538, 48, NULL, 76000.00, '2025-05-07 18:21:40', 'Dynamic Pricing Script'),
(1539, 49, NULL, 14000.00, '2025-05-07 18:21:40', 'Dynamic Pricing Script'),
(1540, 50, NULL, 29000.00, '2025-05-07 18:21:40', 'Dynamic Pricing Script'),
(1541, 26, 2000.00, 22778.30, '2025-05-07 18:37:45', 'Dynamic Pricing Script'),
(1542, 32, 950.00, 870.74, '2025-05-07 18:37:45', 'Dynamic Pricing Script'),
(1543, 32, 870.74, 791.58, '2025-05-16 12:22:06', 'Dynamic Pricing Script'),
(1544, 26, 22778.30, 24000.96, '2025-05-16 12:46:44', 'Dynamic Pricing Script'),
(1545, 27, 7000.00, 6200.00, '2025-05-16 12:46:44', 'Dynamic Pricing Script'),
(1546, 28, 3000.00, 2500.00, '2025-05-16 12:46:44', 'Dynamic Pricing Script'),
(1547, 30, 2150.00, 1400.00, '2025-05-16 12:46:44', 'Dynamic Pricing Script'),
(1548, 31, 12200.00, 12500.00, '2025-05-16 12:46:44', 'Dynamic Pricing Script'),
(1549, 32, 791.58, 1000.90, '2025-05-16 12:46:44', 'Dynamic Pricing Script'),
(1550, 33, 280.00, 300.00, '2025-05-16 12:46:44', 'Dynamic Pricing Script'),
(1551, 34, 2210.00, 1800.00, '2025-05-16 12:46:44', 'Dynamic Pricing Script'),
(1552, 35, 6160.00, 4500.00, '2025-05-16 12:46:44', 'Dynamic Pricing Script'),
(1553, 38, 7880.00, 7200.00, '2025-05-16 12:46:44', 'Dynamic Pricing Script'),
(1554, 48, 76000.00, 75000.00, '2025-05-16 12:46:44', 'Dynamic Pricing Script'),
(1555, 49, 14000.00, 98000.00, '2025-05-16 12:46:44', 'Dynamic Pricing Script'),
(1556, 50, 29000.00, 30000.00, '2025-05-16 12:46:44', 'Dynamic Pricing Script'),
(1557, 32, 1000.90, 600.26, '2025-05-16 15:02:11', 'Dynamic Pricing Script'),
(1558, 32, 600.26, 1000.90, '2025-05-16 15:03:14', 'Dynamic Pricing Script'),
(1559, 26, 24000.96, 21592.85, '2025-05-16 16:21:14', 'Dynamic Pricing Script'),
(1560, 26, 21592.85, 20148.80, '2025-05-16 16:22:57', 'Dynamic Pricing Script'),
(1561, 26, 20148.80, 22314.71, '2025-05-16 16:26:27', 'Dynamic Pricing Script'),
(1562, 26, 22314.71, 22063.57, '2025-05-16 16:28:24', 'Dynamic Pricing Script'),
(1563, 26, 22063.57, 18086.30, '2025-05-16 16:31:12', 'Dynamic Pricing Script'),
(1564, 32, 1000.90, 600.26, '2025-05-16 16:31:12', 'Dynamic Pricing Script'),
(1565, 33, 300.00, 360.00, '2025-05-16 16:31:12', 'Dynamic Pricing Script'),
(1566, 26, 18086.30, 18791.15, '2025-05-16 16:33:10', 'Dynamic Pricing Script'),
(1567, 36, 500.00, 600.00, '2025-05-16 16:37:16', 'Dynamic Pricing Script'),
(1568, 26, 18791.15, 18000.64, '2025-05-16 16:38:06', 'Dynamic Pricing Script'),
(1569, 28, 2500.00, 2392.72, '2025-05-16 16:38:06', 'Dynamic Pricing Script'),
(1570, 38, 7200.00, 6680.84, '2025-05-16 16:38:06', 'Dynamic Pricing Script'),
(1571, 50, 30000.00, 30535.74, '2025-05-16 16:38:06', 'Dynamic Pricing Script'),
(1572, 26, 18000.64, 18263.53, '2025-05-16 16:38:46', 'Dynamic Pricing Script'),
(1573, 28, 2392.72, 2500.00, '2025-05-16 16:38:46', 'Dynamic Pricing Script'),
(1574, 38, 6680.84, 7200.00, '2025-05-16 16:38:46', 'Dynamic Pricing Script'),
(1575, 50, 30535.74, 30412.72, '2025-05-16 16:38:46', 'Dynamic Pricing Script'),
(1576, 26, 18263.53, 18000.64, '2025-05-16 16:41:58', 'Dynamic Pricing Script'),
(1577, 50, 30412.72, 30478.17, '2025-05-16 16:41:58', 'Dynamic Pricing Script'),
(1578, 28, 2500.00, 1800.00, '2025-05-16 16:43:18', 'Dynamic Pricing Script'),
(1579, 38, 7200.00, 5922.16, '2025-05-16 16:43:18', 'Dynamic Pricing Script'),
(1580, 50, 30478.17, 32909.78, '2025-05-16 16:43:18', 'Dynamic Pricing Script'),
(1608, 26, 18000.64, 20000.00, '2025-05-16 17:08:49', 'Dynamic Pricing Script'),
(1609, 27, 6200.00, 5000.00, '2025-05-16 17:08:49', 'Dynamic Pricing Script'),
(1610, 28, 1800.00, 2000.00, '2025-05-16 17:08:49', 'Dynamic Pricing Script'),
(1611, 30, 1400.00, 855.00, '2025-05-16 17:08:49', 'Dynamic Pricing Script'),
(1612, 31, 12500.00, 10000.00, '2025-05-16 17:08:49', 'Dynamic Pricing Script'),
(1613, 32, 600.26, 935.00, '2025-05-16 17:08:49', 'Dynamic Pricing Script'),
(1614, 34, 1800.00, 1239.75, '2025-05-16 17:08:49', 'Dynamic Pricing Script'),
(1615, 35, 4500.00, 3880.00, '2025-05-16 17:08:49', 'Dynamic Pricing Script'),
(1616, 36, 600.00, 473.00, '2025-05-16 17:08:49', 'Dynamic Pricing Script'),
(1617, 38, 5922.16, 4972.50, '2025-05-16 17:08:49', 'Dynamic Pricing Script'),
(1618, 47, 55000.00, 55575.00, '2025-05-16 17:08:49', 'Dynamic Pricing Script'),
(1619, 48, 75000.00, 80000.00, '2025-05-16 17:08:49', 'Dynamic Pricing Script'),
(1620, 50, 32909.78, 30000.00, '2025-05-16 17:08:49', 'Dynamic Pricing Script'),
(1621, 36, 473.00, 559.00, '2025-05-16 17:12:13', 'Dynamic Pricing Script'),
(1622, 35, 3880.00, 3060.00, '2025-05-16 17:13:45', 'Dynamic Pricing Script'),
(1623, 38, 4972.50, 6500.00, '2025-05-16 17:15:16', 'Dynamic Pricing Script'),
(1624, 26, 20000.00, 18000.64, '2025-05-16 17:43:55', 'Dynamic Pricing Script'),
(1625, 27, 5000.00, 6200.00, '2025-05-16 17:43:55', 'Dynamic Pricing Script'),
(1626, 28, 2000.00, 2500.00, '2025-05-16 17:43:55', 'Dynamic Pricing Script'),
(1627, 30, 855.00, 1400.00, '2025-05-16 17:43:55', 'Dynamic Pricing Script'),
(1628, 31, 10000.00, 12000.00, '2025-05-16 17:43:55', 'Dynamic Pricing Script'),
(1629, 32, 935.00, 1000.90, '2025-05-16 17:43:55', 'Dynamic Pricing Script'),
(1630, 34, 1239.75, 1800.00, '2025-05-16 17:43:55', 'Dynamic Pricing Script'),
(1631, 35, 3060.00, 4500.00, '2025-05-16 17:43:55', 'Dynamic Pricing Script'),
(1632, 36, 559.00, 14982.98, '2025-05-16 17:43:55', 'Dynamic Pricing Script'),
(1633, 38, 6500.00, 7200.00, '2025-05-16 17:43:55', 'Dynamic Pricing Script'),
(1634, 47, 55575.00, 55000.00, '2025-05-16 17:43:55', 'Dynamic Pricing Script'),
(1635, 48, 80000.00, 75000.00, '2025-05-16 17:43:55', 'Dynamic Pricing Script'),
(1636, 50, 30000.00, 38000.00, '2025-05-16 17:43:55', 'Dynamic Pricing Script'),
(1637, 26, 18000.64, 20000.00, '2025-05-16 17:54:02', 'Dynamic Pricing Script'),
(1638, 27, 6200.00, 5000.00, '2025-05-16 17:54:02', 'Dynamic Pricing Script'),
(1639, 28, 2500.00, 2000.00, '2025-05-16 17:54:02', 'Dynamic Pricing Script'),
(1640, 30, 1400.00, 855.00, '2025-05-16 17:54:02', 'Dynamic Pricing Script'),
(1641, 31, 12000.00, 10000.00, '2025-05-16 17:54:02', 'Dynamic Pricing Script'),
(1642, 32, 1000.90, 935.00, '2025-05-16 17:54:02', 'Dynamic Pricing Script'),
(1643, 34, 1800.00, 1239.75, '2025-05-16 17:54:02', 'Dynamic Pricing Script'),
(1644, 35, 4500.00, 3060.00, '2025-05-16 17:54:02', 'Dynamic Pricing Script'),
(1645, 36, 14982.98, 559.00, '2025-05-16 17:54:02', 'Dynamic Pricing Script'),
(1646, 38, 7200.00, 6500.00, '2025-05-16 17:54:02', 'Dynamic Pricing Script'),
(1647, 47, 55000.00, 55575.00, '2025-05-16 17:54:02', 'Dynamic Pricing Script'),
(1648, 48, 75000.00, 80000.00, '2025-05-16 17:54:02', 'Dynamic Pricing Script'),
(1649, 50, 38000.00, 30000.00, '2025-05-16 17:54:02', 'Dynamic Pricing Script'),
(1650, 27, 5000.00, 5520.00, '2025-06-18 12:42:21', 'Dynamic Pricing Script'),
(1651, 28, 2000.00, 1890.00, '2025-06-18 12:42:21', 'Dynamic Pricing Script'),
(1652, 30, 855.00, 1100.00, '2025-06-18 12:42:21', 'Dynamic Pricing Script'),
(1653, 31, 10000.00, 11400.00, '2025-06-18 12:42:21', 'Dynamic Pricing Script'),
(1654, 32, 935.00, 630.27, '2025-06-18 12:42:21', 'Dynamic Pricing Script'),
(1655, 33, 360.00, 306.00, '2025-06-18 12:42:21', 'Dynamic Pricing Script'),
(1656, 34, 1239.75, 1530.00, '2025-06-18 12:42:21', 'Dynamic Pricing Script'),
(1657, 35, 3060.00, 4462.00, '2025-06-18 12:42:21', 'Dynamic Pricing Script'),
(1658, 47, 55575.00, 61000.00, '2025-06-18 12:42:21', 'Dynamic Pricing Script'),
(1659, 48, 80000.00, 85500.00, '2025-06-18 12:42:21', 'Dynamic Pricing Script'),
(1660, 49, 98000.00, 114000.00, '2025-06-18 12:42:21', 'Dynamic Pricing Script'),
(1661, 50, 30000.00, 36100.00, '2025-06-18 12:42:21', 'Dynamic Pricing Script'),
(1662, 26, 20000.00, 4374.55, '2025-06-18 12:42:35', 'Dynamic Pricing Script'),
(1663, 27, 5520.00, 6540.12, '2025-06-18 12:42:35', 'Dynamic Pricing Script'),
(1664, 28, 1890.00, 7798.15, '2025-06-18 12:42:35', 'Dynamic Pricing Script'),
(1665, 30, 1100.00, 2026.34, '2025-06-18 12:42:35', 'Dynamic Pricing Script'),
(1666, 31, 11400.00, 15351.58, '2025-06-18 12:42:35', 'Dynamic Pricing Script'),
(1667, 32, 630.27, 813.64, '2025-06-18 12:42:35', 'Dynamic Pricing Script'),
(1668, 33, 306.00, 3961.28, '2025-06-18 12:42:35', 'Dynamic Pricing Script'),
(1669, 34, 1530.00, 2430.61, '2025-06-18 12:42:35', 'Dynamic Pricing Script'),
(1670, 35, 4462.00, 5449.23, '2025-06-18 12:42:35', 'Dynamic Pricing Script'),
(1671, 36, 559.00, 1006.41, '2025-06-18 12:42:35', 'Dynamic Pricing Script'),
(1672, 47, 61000.00, 49035.79, '2025-06-18 12:42:35', 'Dynamic Pricing Script'),
(1673, 49, 114000.00, 26976.96, '2025-06-18 12:42:35', 'Dynamic Pricing Script'),
(1674, 50, 36100.00, 33306.49, '2025-06-18 12:42:35', 'Dynamic Pricing Script'),
(1675, 32, 813.64, 1102.42, '2025-06-18 12:42:55', 'Dynamic Pricing Script'),
(1676, 38, 6500.00, 7790.01, '2025-06-18 12:43:33', 'Dynamic Pricing Script'),
(1677, 26, 4374.55, 4846.24, '2025-06-18 12:44:09', 'Dynamic Pricing Script'),
(1678, 27, 6540.12, 8097.08, '2025-06-18 12:44:27', 'Dynamic Pricing Script'),
(1679, 30, 2026.34, 2310.03, '2025-06-18 12:44:52', 'Dynamic Pricing Script'),
(1680, 34, 2430.61, 2717.13, '2025-06-18 12:45:19', 'Dynamic Pricing Script'),
(1681, 35, 5449.23, 6746.56, '2025-06-18 12:45:44', 'Dynamic Pricing Script'),
(1682, 47, 49035.79, 41190.06, '2025-06-18 12:46:52', 'Dynamic Pricing Script'),
(1683, 33, 3961.28, 3262.76, '2025-06-19 08:12:58', 'Dynamic Pricing Script'),
(1684, 33, 3262.76, 4422.33, '2025-06-19 08:13:28', 'Dynamic Pricing Script'),
(1685, 47, 41190.06, 55815.62, '2025-06-19 11:57:36', 'Dynamic Pricing Script'),
(1686, 47, 55815.62, 41181.62, '2025-06-19 11:58:14', 'Dynamic Pricing Script'),
(1687, 47, 41181.62, 55805.77, '2025-06-19 11:58:33', 'Dynamic Pricing Script'),
(1688, 38, 7790.01, 6416.64, '2025-06-19 11:58:53', 'Dynamic Pricing Script'),
(1689, 26, 4846.24, 4371.97, '2025-06-20 20:09:00', 'Dynamic Pricing Script'),
(1690, 26, 4371.97, 5413.28, '2025-06-20 20:09:22', 'Dynamic Pricing Script'),
(1691, 49, 26976.96, 19908.68, '2025-06-20 20:13:40', 'Dynamic Pricing Script'),
(1692, 49, 19908.68, 26971.42, '2025-06-20 20:14:10', 'Dynamic Pricing Script'),
(1693, 49, 26971.42, 19903.92, '2025-06-20 20:14:31', 'Dynamic Pricing Script'),
(1694, 38, 6416.64, 8693.93, '2025-06-21 19:39:58', 'Dynamic Pricing Script'),
(1695, 26, 5413.28, 3994.05, '2025-06-21 19:41:29', 'Dynamic Pricing Script'),
(1696, 26, 3994.05, 5412.31, '2025-06-24 10:55:07', 'Dynamic Pricing Script'),
(1697, 33, 4422.33, 3572.89, '2025-06-24 10:55:27', 'Dynamic Pricing Script'),
(1698, 36, 1006.41, 742.69, '2025-06-25 20:28:11', 'Dynamic Pricing Script'),
(1699, 36, 742.69, 1006.22, '2025-06-25 20:28:37', 'Dynamic Pricing Script'),
(1700, 47, 55805.77, 41173.35, '2025-06-27 14:49:07', 'Dynamic Pricing Script'),
(1701, 49, 19903.92, 26966.00, '2025-06-27 14:53:01', 'Dynamic Pricing Script'),
(1702, 49, 26966.00, 19899.27, '2025-06-27 14:53:40', 'Dynamic Pricing Script'),
(1703, 47, 41173.35, 49922.82, '2025-06-27 14:54:05', 'Dynamic Pricing Script'),
(1704, 32, 1102.42, 890.93, '2025-06-27 15:08:14', 'Dynamic Pricing Script'),
(1705, 49, 19899.27, 26960.67, '2025-06-29 22:57:00', 'Dynamic Pricing Script'),
(1706, 33, 3572.89, 3958.73, '2025-06-30 11:26:10', 'Dynamic Pricing Script'),
(1707, 32, 890.93, 1103.10, '2025-06-30 11:26:55', 'Dynamic Pricing Script'),
(1708, 47, 49922.82, 41120.38, '2025-06-30 14:05:43', 'Dynamic Pricing Script'),
(1709, 47, 41120.38, 55725.78, '2025-07-03 19:36:29', 'Dynamic Pricing Script'),
(1710, 48, 85500.00, 63038.67, '2025-07-04 22:59:10', 'Dynamic Pricing Script'),
(1711, 34, 2717.13, 2005.02, '2025-07-06 12:50:49', 'Dynamic Pricing Script'),
(1712, 34, 2005.02, 2430.65, '2025-07-07 13:26:56', 'Dynamic Pricing Script'),
(1713, 48, 63038.67, 85405.30, '2025-07-07 13:27:22', 'Dynamic Pricing Script'),
(1714, 49, 26960.67, 21789.46, '2025-07-07 13:27:46', 'Dynamic Pricing Script'),
(1715, 51, 100.00, 75.00, '2025-07-07 13:50:46', 'Dynamic Pricing Script'),
(1716, 51, 75.00, 85.50, '2025-07-07 14:01:23', 'Dynamic Pricing Script'),
(1717, 51, 85.50, 91.48, '2025-07-07 14:01:25', 'Dynamic Pricing Script'),
(1718, 51, 91.48, 70.55, '2025-07-07 14:02:28', 'Dynamic Pricing Script'),
(1719, 52, 120.00, 102.00, '2025-07-07 14:06:03', 'Dynamic Pricing Script'),
(1720, 52, 102.00, 93.84, '2025-07-07 14:06:06', 'Dynamic Pricing Script'),
(1721, 52, 93.84, 111.62, '2025-07-07 14:06:42', 'Dynamic Pricing Script'),
(1722, 53, 150.00, 127.50, '2025-07-07 14:12:02', 'Dynamic Pricing Script'),
(1723, 53, 127.50, 117.30, '2025-07-07 14:12:46', 'Dynamic Pricing Script'),
(1724, 54, 200.00, 170.00, '2025-07-07 14:15:11', 'Dynamic Pricing Script'),
(1725, 54, 170.00, 156.40, '2025-07-07 14:15:13', 'Dynamic Pricing Script'),
(1726, 55, 15000.00, 18750.00, '2025-07-07 14:19:27', 'Dynamic Pricing Script'),
(1727, 55, 18750.00, 21375.00, '2025-07-07 14:19:37', 'Dynamic Pricing Script'),
(1728, 55, 21375.00, 22871.25, '2025-07-07 14:19:45', 'Dynamic Pricing Script'),
(1729, 56, 2000.00, 1500.00, '2025-07-07 14:22:14', 'Dynamic Pricing Script'),
(1730, 56, 1500.00, 1260.00, '2025-07-07 14:22:54', 'Dynamic Pricing Script'),
(1731, 56, 1260.00, 1159.20, '2025-07-07 14:22:54', 'Dynamic Pricing Script'),
(1732, 56, 1159.20, 1097.38, '2025-07-07 14:22:55', 'Dynamic Pricing Script'),
(1733, 57, 500.00, 375.00, '2025-07-07 14:26:14', 'Dynamic Pricing Script'),
(1734, 57, 375.00, 315.00, '2025-07-07 14:26:21', 'Dynamic Pricing Script'),
(1735, 57, 315.00, 289.80, '2025-07-07 14:26:22', 'Dynamic Pricing Script'),
(1736, 57, 289.80, 274.34, '2025-07-07 14:26:22', 'Dynamic Pricing Script'),
(1737, 58, 3000.00, 3750.00, '2025-07-07 14:28:25', 'Dynamic Pricing Script'),
(1738, 58, 3750.00, 4275.00, '2025-07-07 14:28:27', 'Dynamic Pricing Script'),
(1739, 58, 4275.00, 4574.25, '2025-07-07 14:28:35', 'Dynamic Pricing Script'),
(1740, 59, 5000.00, 3750.00, '2025-07-07 14:33:47', 'Dynamic Pricing Script'),
(1741, 59, 3750.00, 3150.00, '2025-07-07 14:33:56', 'Dynamic Pricing Script'),
(1742, 59, 3150.00, 2898.00, '2025-07-07 14:34:01', 'Dynamic Pricing Script'),
(1743, 59, 2898.00, 2743.44, '2025-07-07 14:34:05', 'Dynamic Pricing Script'),
(1744, 60, 8000.00, 10000.00, '2025-07-07 14:36:24', 'Dynamic Pricing Script'),
(1745, 60, 10000.00, 11400.00, '2025-07-07 14:36:28', 'Dynamic Pricing Script'),
(1746, 60, 11400.00, 12198.00, '2025-07-07 14:36:29', 'Dynamic Pricing Script'),
(1747, 61, 80000.00, 60000.00, '2025-07-07 14:46:22', 'Dynamic Pricing Script'),
(1748, 62, 50000.00, 62500.00, '2025-07-07 14:46:22', 'Dynamic Pricing Script'),
(1749, 61, 60000.00, 50400.00, '2025-07-07 14:46:28', 'Dynamic Pricing Script'),
(1750, 62, 62500.00, 71250.00, '2025-07-07 14:46:28', 'Dynamic Pricing Script'),
(1751, 61, 50400.00, 46368.00, '2025-07-07 14:46:29', 'Dynamic Pricing Script'),
(1752, 62, 71250.00, 76237.50, '2025-07-07 14:46:29', 'Dynamic Pricing Script'),
(1753, 61, 46368.00, 43895.04, '2025-07-07 14:46:30', 'Dynamic Pricing Script'),
(1754, 63, 300.00, 225.00, '2025-07-07 14:51:52', 'Dynamic Pricing Script'),
(1755, 64, 300.00, 255.00, '2025-07-07 14:51:52', 'Dynamic Pricing Script'),
(1756, 63, 225.00, 189.00, '2025-07-07 14:51:54', 'Dynamic Pricing Script'),
(1757, 64, 255.00, 234.60, '2025-07-07 14:51:54', 'Dynamic Pricing Script'),
(1758, 63, 189.00, 173.88, '2025-07-07 14:56:33', 'Dynamic Pricing Script'),
(1759, 63, 173.88, 164.61, '2025-07-07 15:32:49', 'Dynamic Pricing Script'),
(1760, 59, 2743.44, 3574.31, '2025-07-07 15:46:38', 'Dynamic Pricing Script'),
(1761, 63, 164.61, 214.45, '2025-07-07 15:47:10', 'Dynamic Pricing Script'),
(1762, 51, 70.55, 74.17, '2025-07-07 15:48:29', 'Dynamic Pricing Script'),
(1763, 51, 74.17, 80.93, '2025-07-07 15:48:57', 'Dynamic Pricing Script'),
(1764, 51, 80.93, 90.75, '2025-07-07 15:50:22', 'Dynamic Pricing Script'),
(1765, 56, 1097.38, 1153.82, '2025-07-07 15:51:09', 'Dynamic Pricing Script'),
(1766, 56, 1153.82, 1406.86, '2025-07-07 15:51:51', 'Dynamic Pricing Script'),
(1767, 54, 156.40, 186.05, '2025-07-07 15:52:54', 'Dynamic Pricing Script'),
(1768, 53, 117.30, 124.85, '2025-07-07 15:54:05', 'Dynamic Pricing Script'),
(1769, 53, 124.85, 140.47, '2025-07-07 15:54:28', 'Dynamic Pricing Script'),
(1770, 57, 274.34, 289.80, '2025-07-07 15:56:31', 'Dynamic Pricing Script'),
(1771, 61, 43895.04, 46152.50, '2025-07-07 15:58:08', 'Dynamic Pricing Script'),
(1772, 61, 46152.50, 50350.37, '2025-07-07 15:58:50', 'Dynamic Pricing Script'),
(1773, 64, 234.60, 249.70, '2025-07-07 20:46:21', 'Dynamic Pricing Script'),
(1774, 64, 249.70, 207.00, '2025-07-07 20:46:52', 'Dynamic Pricing Script'),
(1775, 57, 289.80, 308.79, '2025-07-07 22:57:01', 'Dynamic Pricing Script'),
(1776, 62, 76237.50, 58796.49, '2025-07-08 19:40:03', 'Dynamic Pricing Script'),
(1777, 62, 58796.49, 67196.00, '2025-07-08 19:40:33', 'Dynamic Pricing Script'),
(1778, 62, 67196.00, 76603.44, '2025-07-09 19:46:00', 'Dynamic Pricing Script'),
(1779, 64, 207.00, 236.58, '2025-07-09 19:46:44', 'Dynamic Pricing Script'),
(1780, 49, 21789.46, 26977.71, '2025-07-09 19:48:20', 'Dynamic Pricing Script'),
(1781, 62, 76603.44, 57761.69, '2025-07-09 19:48:54', 'Dynamic Pricing Script'),
(1782, 62, 57761.69, 76599.06, '2025-07-09 19:49:16', 'Dynamic Pricing Script'),
(1783, 33, 3958.73, 4425.16, '2025-07-11 00:20:43', 'Dynamic Pricing Script'),
(1784, 57, 308.79, 259.38, '2025-07-13 23:38:08', 'Dynamic Pricing Script'),
(1785, 57, 259.38, 307.77, '2025-07-13 23:38:45', 'Dynamic Pricing Script'),
(1786, 34, 2430.65, 2717.17, '2025-07-15 16:11:21', 'Dynamic Pricing Script'),
(1787, 56, 1406.86, 1060.82, '2025-07-15 16:11:56', 'Dynamic Pricing Script'),
(1788, 56, 1060.82, 1258.69, '2025-07-15 16:12:41', 'Dynamic Pricing Script'),
(1789, 57, 307.77, 344.84, '2025-07-15 16:51:03', 'Dynamic Pricing Script'),
(1790, 61, 50350.37, 56461.52, '2025-07-16 21:38:16', 'Dynamic Pricing Script'),
(1791, 64, 236.58, 269.70, '2025-07-19 12:00:37', 'Dynamic Pricing Script'),
(1792, 63, 214.45, 193.39, '2025-07-26 12:17:56', 'Dynamic Pricing Script'),
(1793, 63, 193.39, 220.47, '2025-07-26 12:18:42', 'Dynamic Pricing Script'),
(1794, 54, 186.05, 157.16, '2025-07-29 13:59:57', 'Dynamic Pricing Script'),
(1795, 54, 157.16, 170.75, '2025-07-29 14:00:40', 'Dynamic Pricing Script'),
(1796, 63, 220.47, 165.70, '2025-08-09 16:19:12', 'Dynamic Pricing Script'),
(1797, 63, 165.70, 220.37, '2025-08-09 16:19:43', 'Dynamic Pricing Script'),
(1798, 26, 5412.31, 4373.55, '2025-08-26 11:54:45', 'Dynamic Pricing Script'),
(1799, 60, 12198.00, 9407.43, '2025-09-02 00:42:57', 'Dynamic Pricing Script'),
(1800, 60, 9407.43, 12256.55, '2025-09-02 00:44:12', 'Dynamic Pricing Script'),
(1801, 26, 4373.55, 5415.38, '2025-09-22 15:09:39', 'Dynamic Pricing Script'),
(1802, 26, 5415.38, 3995.41, '2025-09-24 11:53:56', 'Dynamic Pricing Script'),
(1803, 26, 3995.41, 5414.45, '2025-09-24 11:54:50', 'Dynamic Pricing Script'),
(1804, 57, 344.84, 282.61, '2025-09-24 11:57:15', 'Dynamic Pricing Script'),
(1805, 33, 3200.00, 3200.00, '2025-09-24 12:00:35', 'Price Limit Update'),
(1806, 36, 800.00, 800.00, '2025-09-24 12:01:19', 'Price Limit Update'),
(1807, 49, 20000.00, 20000.00, '2025-09-24 12:03:42', 'Price Limit Update'),
(1808, 51, 80.00, 80.00, '2025-09-24 12:04:29', 'Price Limit Update'),
(1809, 52, 100.00, 100.00, '2025-09-24 12:06:09', 'Price Limit Update'),
(1810, 53, 120.00, 120.00, '2025-09-24 12:06:23', 'Price Limit Update'),
(1811, 54, 150.00, 150.00, '2025-09-24 12:06:35', 'Price Limit Update'),
(1812, 55, 20000.00, 20000.00, '2025-09-24 12:07:20', 'Price Limit Update'),
(1813, 56, 1000.00, 1000.00, '2025-09-24 12:08:05', 'Price Limit Update'),
(1814, 57, 300.00, 300.00, '2025-09-24 12:08:32', 'Price Limit Update'),
(1815, 58, 3800.00, 3800.00, '2025-09-24 12:08:53', 'Price Limit Update'),
(1816, 59, 3000.00, 3000.00, '2025-09-24 12:09:09', 'Price Limit Update'),
(1817, 60, 10000.00, 10000.00, '2025-09-24 12:09:37', 'Price Limit Update'),
(1818, 61, 55000.00, 55000.00, '2025-09-24 12:09:58', 'Price Limit Update'),
(1819, 62, 60000.00, 60000.00, '2025-09-24 12:10:20', 'Price Limit Update'),
(1820, 63, 180.00, 180.00, '2025-09-24 12:10:35', 'Price Limit Update'),
(1821, 64, 200.00, 200.00, '2025-09-24 12:10:47', 'Price Limit Update'),
(1822, 33, 3200.00, 4429.99, '2025-09-24 12:10:59', 'Dynamic Pricing Script'),
(1823, 36, 800.00, 1007.70, '2025-09-24 12:10:59', 'Dynamic Pricing Script'),
(1824, 49, 20000.00, 27016.25, '2025-09-24 12:10:59', 'Dynamic Pricing Script'),
(1825, 51, 80.00, 92.57, '2025-09-24 12:10:59', 'Dynamic Pricing Script'),
(1826, 52, 100.00, 116.84, '2025-09-24 12:10:59', 'Dynamic Pricing Script'),
(1827, 53, 120.00, 145.39, '2025-09-24 12:10:59', 'Dynamic Pricing Script'),
(1828, 54, 150.00, 171.43, '2025-09-24 12:10:59', 'Dynamic Pricing Script'),
(1829, 55, 20000.00, 23938.57, '2025-09-24 12:10:59', 'Dynamic Pricing Script'),
(1830, 56, 1000.00, 1261.84, '2025-09-24 12:10:59', 'Dynamic Pricing Script'),
(1831, 57, 300.00, 280.35, '2025-09-24 12:10:59', 'Dynamic Pricing Script'),
(1832, 58, 3800.00, 4787.71, '2025-09-24 12:10:59', 'Dynamic Pricing Script'),
(1833, 59, 3000.00, 3674.39, '2025-09-24 12:10:59', 'Dynamic Pricing Script'),
(1834, 60, 10000.00, 12599.74, '2025-09-24 12:10:59', 'Dynamic Pricing Script'),
(1835, 62, 60000.00, 77939.54, '2025-09-24 12:10:59', 'Dynamic Pricing Script'),
(1836, 63, 180.00, 223.80, '2025-09-24 12:10:59', 'Dynamic Pricing Script'),
(1837, 64, 200.00, 275.99, '2025-09-24 12:10:59', 'Dynamic Pricing Script'),
(1838, 61, 55000.00, 58229.41, '2025-09-24 12:11:20', 'Dynamic Pricing Script'),
(1839, 64, 275.99, 221.79, '2025-09-24 12:11:20', 'Dynamic Pricing Script'),
(1840, 64, 221.79, 200.70, '2025-09-24 12:11:55', 'Dynamic Pricing Script'),
(1841, 63, 223.80, 165.75, '2025-09-24 12:13:55', 'Dynamic Pricing Script'),
(1842, 64, 200.70, 268.02, '2025-09-24 12:14:33', 'Dynamic Pricing Script'),
(1843, 57, 280.35, 344.63, '2025-09-24 12:17:52', 'Dynamic Pricing Script'),
(1844, 57, 344.63, 256.67, '2025-09-24 12:21:55', 'Dynamic Pricing Script'),
(1845, 57, 256.67, 302.07, '2025-09-24 12:23:08', 'Dynamic Pricing Script'),
(1846, 57, 302.07, 344.36, '2025-09-24 12:24:56', 'Dynamic Pricing Script'),
(1847, 30, 2310.03, 1704.63, '2025-09-24 12:39:41', 'Dynamic Pricing Script'),
(1848, 30, 1704.63, 2025.95, '2025-09-24 12:40:09', 'Dynamic Pricing Script'),
(1849, 49, 27016.25, 19903.52, '2025-09-26 21:57:55', 'Dynamic Pricing Script'),
(1850, 49, 19903.52, 23657.13, '2025-09-26 21:58:31', 'Dynamic Pricing Script'),
(1851, 48, 85405.30, 63023.95, '2025-09-26 21:59:10', 'Dynamic Pricing Script'),
(1852, 48, 63023.95, 68909.98, '2025-09-26 21:59:31', 'Dynamic Pricing Script'),
(1853, 32, 1103.10, 891.46, '2025-09-26 22:00:08', 'Dynamic Pricing Script'),
(1854, 32, 891.46, 987.57, '2025-09-26 22:00:50', 'Dynamic Pricing Script'),
(1855, 26, 5414.45, 3994.63, '2025-09-26 22:01:13', 'Dynamic Pricing Script'),
(1856, 26, 3994.63, 4368.82, '2025-09-26 22:01:41', 'Dynamic Pricing Script'),
(1857, 27, 6000.00, 6000.00, '2025-09-26 22:07:03', 'Price Limit Update'),
(1858, 27, 6000.00, 8109.14, '2025-09-26 22:39:38', 'Dynamic Pricing Script'),
(1859, 26, 4368.82, 4745.35, '2025-09-27 05:45:19', 'Dynamic Pricing Script'),
(1860, 26, 4745.35, 5409.70, '2025-09-28 11:24:02', 'Dynamic Pricing Script'),
(1861, 26, 5409.70, 3990.95, '2025-09-28 11:24:35', 'Dynamic Pricing Script'),
(1862, 26, 3990.95, 4365.01, '2025-09-28 11:25:01', 'Dynamic Pricing Script'),
(1863, 34, 2717.17, 2004.95, '2025-09-28 16:34:44', 'Dynamic Pricing Script'),
(1864, 34, 2004.95, 2383.03, '2025-09-28 16:35:30', 'Dynamic Pricing Script'),
(1865, 26, 4365.01, 4836.16, '2025-09-28 16:40:17', 'Dynamic Pricing Script'),
(1866, 48, 68909.98, 74839.73, '2025-09-28 16:41:05', 'Dynamic Pricing Script'),
(1867, 48, 74839.73, 85317.30, '2025-09-28 17:04:09', 'Dynamic Pricing Script'),
(1868, 48, 74839.73, 85317.30, '2025-09-28 17:04:09', 'Dynamic Pricing Script'),
(1869, 64, 268.02, 238.10, '2025-09-28 17:12:29', 'Dynamic Pricing Script'),
(1870, 64, 238.10, 271.43, '2025-09-28 17:15:03', 'Dynamic Pricing Script'),
(1871, 49, 23657.13, 26969.13, '2025-09-28 17:17:43', 'Dynamic Pricing Script'),
(1872, 63, 165.75, 194.70, '2025-09-28 17:21:39', 'Dynamic Pricing Script'),
(1873, 60, 12599.74, 9343.40, '2025-09-28 17:22:25', 'Dynamic Pricing Script'),
(1874, 58, 4787.71, 4237.39, '2025-09-28 17:25:33', 'Dynamic Pricing Script'),
(1875, 34, 2383.03, 2716.66, '2025-09-28 17:53:34', 'Dynamic Pricing Script'),
(1876, 54, 171.43, 189.20, '2025-09-28 17:53:34', 'Dynamic Pricing Script'),
(1877, 30, 2025.95, 2309.58, '2025-09-28 17:54:21', 'Dynamic Pricing Script'),
(1878, 26, 4836.16, 5406.03, '2025-09-28 17:59:09', 'Dynamic Pricing Script'),
(1879, 32, 987.57, 1103.98, '2025-09-28 18:04:37', 'Dynamic Pricing Script'),
(1880, 50, 33306.49, 24577.79, '2025-09-28 18:09:29', 'Dynamic Pricing Script'),
(1881, 50, 24577.79, 29210.51, '2025-09-28 18:09:50', 'Dynamic Pricing Script'),
(1882, 62, 77939.54, 57530.24, '2025-09-28 18:10:12', 'Dynamic Pricing Script'),
(1883, 62, 57530.24, 67492.18, '2025-09-28 18:10:40', 'Dynamic Pricing Script'),
(1884, 38, 8693.93, 6415.21, '2025-09-28 18:20:05', 'Dynamic Pricing Script'),
(1885, 38, 6415.21, 7014.83, '2025-09-28 18:20:25', 'Dynamic Pricing Script'),
(1886, 62, 67492.18, 76941.09, '2025-09-28 18:25:46', 'Dynamic Pricing Script'),
(1887, 59, 3674.39, 2734.81, '2025-09-28 18:27:49', 'Dynamic Pricing Script'),
(1888, 59, 2734.81, 3190.62, '2025-09-28 18:28:19', 'Dynamic Pricing Script'),
(1889, 26, 5406.03, 3988.08, '2025-09-28 18:29:10', 'Dynamic Pricing Script'),
(1890, 26, 3988.08, 4741.38, '2025-09-28 18:29:39', 'Dynamic Pricing Script'),
(1891, 30, 2309.58, 1704.22, '2025-09-28 18:29:58', 'Dynamic Pricing Script'),
(1892, 30, 1704.22, 2025.56, '2025-09-28 18:30:45', 'Dynamic Pricing Script'),
(1893, 34, 2716.66, 2195.40, '2025-09-28 18:35:24', 'Dynamic Pricing Script'),
(1894, 34, 2195.40, 2384.45, '2025-09-28 18:36:24', 'Dynamic Pricing Script'),
(1895, 57, 344.36, 310.80, '2025-09-28 18:46:36', 'Dynamic Pricing Script'),
(1896, 57, 310.80, 347.78, '2025-09-28 18:46:56', 'Dynamic Pricing Script'),
(1897, 26, 4741.38, 5405.18, '2025-09-28 19:57:08', 'Dynamic Pricing Script'),
(1898, 38, 7014.83, 7618.71, '2025-09-28 20:06:18', 'Dynamic Pricing Script'),
(1899, 38, 7014.83, 7618.71, '2025-09-28 20:06:18', 'Dynamic Pricing Script'),
(1900, 38, 7618.71, 8685.33, '2025-09-28 20:06:41', 'Dynamic Pricing Script'),
(1901, 27, 8109.14, 5974.13, '2025-09-29 12:22:24', 'Dynamic Pricing Script'),
(1902, 28, 7798.15, 5751.33, '2025-09-29 12:23:07', 'Dynamic Pricing Script'),
(1903, 60, 9343.40, 10028.59, '2025-09-29 12:31:18', 'Dynamic Pricing Script'),
(1904, 59, 3190.62, 3637.30, '2025-09-29 12:32:03', 'Dynamic Pricing Script'),
(1905, 27, 5974.13, 7100.33, '2025-09-29 13:13:34', 'Dynamic Pricing Script'),
(1906, 27, 7100.33, 8094.38, '2025-09-29 13:15:07', 'Dynamic Pricing Script'),
(1907, 50, 29210.51, 33299.98, '2025-09-29 13:17:54', 'Dynamic Pricing Script'),
(1908, 63, 194.70, 221.96, '2025-09-29 13:19:03', 'Dynamic Pricing Script'),
(1909, 60, 10028.59, 10803.75, '2025-09-29 13:19:49', 'Dynamic Pricing Script'),
(1910, 28, 5751.33, 6839.62, '2025-09-29 13:21:51', 'Dynamic Pricing Script'),
(1911, 26, 5405.18, 4367.08, '2025-09-29 13:25:52', 'Dynamic Pricing Script'),
(1912, 26, 4367.08, 4838.62, '2025-09-29 13:26:16', 'Dynamic Pricing Script'),
(1913, 47, 55725.78, 41112.43, '2025-09-29 13:26:38', 'Dynamic Pricing Script'),
(1914, 47, 41112.43, 48874.07, '2025-09-29 13:27:01', 'Dynamic Pricing Script'),
(1915, 62, 76941.09, 57303.98, '2025-09-29 13:27:23', 'Dynamic Pricing Script'),
(1916, 62, 57303.98, 62044.22, '2025-09-29 13:27:49', 'Dynamic Pricing Script'),
(1917, 26, 4838.62, 5408.73, '2025-10-04 13:00:56', 'Dynamic Pricing Script'),
(1918, 26, 5408.73, 3989.85, '2025-10-04 13:01:31', 'Dynamic Pricing Script'),
(1919, 26, 3989.85, 4364.27, '2025-10-04 13:02:10', 'Dynamic Pricing Script'),
(1920, 28, 6839.62, 7797.16, '2025-10-04 19:32:05', 'Dynamic Pricing Script'),
(1921, 26, 4364.27, 4740.80, '2025-10-04 22:05:55', 'Dynamic Pricing Script'),
(1922, 26, 4740.80, 3982.27, '2025-10-04 22:06:27', 'Dynamic Pricing Script'),
(1923, 26, 3982.27, 4734.92, '2025-10-12 19:28:16', 'Dynamic Pricing Script'),
(1924, 62, 62044.22, 68421.29, '2025-10-12 19:30:08', 'Dynamic Pricing Script'),
(1925, 30, 2025.56, 2309.14, '2025-10-12 19:30:57', 'Dynamic Pricing Script'),
(1926, 38, 8685.33, 6408.41, '2025-10-12 19:33:38', 'Dynamic Pricing Script'),
(1927, 38, 6408.41, 7007.94, '2025-10-13 19:19:39', 'Dynamic Pricing Script'),
(1928, 59, 3637.30, 2717.64, '2025-10-13 19:21:47', 'Dynamic Pricing Script'),
(1929, 59, 2717.64, 2933.17, '2025-10-13 19:22:45', 'Dynamic Pricing Script'),
(1930, 27, 8094.38, 6541.55, '2025-10-13 23:49:49', 'Dynamic Pricing Script'),
(1931, 30, 2309.14, 1866.11, '2025-10-13 23:49:49', 'Dynamic Pricing Script'),
(1932, 31, 15351.58, 12400.40, '2025-10-13 23:49:49', 'Dynamic Pricing Script'),
(1933, 32, 1103.98, 892.12, '2025-10-13 23:49:49', 'Dynamic Pricing Script'),
(1934, 49, 26969.13, 19898.99, '2025-10-13 23:49:49', 'Dynamic Pricing Script'),
(1935, 51, 92.57, 69.15, '2025-10-13 23:49:49', 'Dynamic Pricing Script'),
(1936, 53, 145.39, 108.57, '2025-10-13 23:49:49', 'Dynamic Pricing Script'),
(1937, 61, 58229.41, 43573.30, '2025-10-13 23:49:49', 'Dynamic Pricing Script'),
(1938, 63, 221.96, 180.92, '2025-10-13 23:49:49', 'Dynamic Pricing Script'),
(1939, 64, 271.43, 240.66, '2025-10-13 23:49:49', 'Dynamic Pricing Script'),
(1940, 27, 6541.55, 7104.68, '2025-10-13 23:50:54', 'Dynamic Pricing Script'),
(1941, 30, 1866.11, 2026.78, '2025-10-13 23:52:02', 'Dynamic Pricing Script'),
(1942, 32, 892.12, 968.96, '2025-10-13 23:54:46', 'Dynamic Pricing Script'),
(1943, 31, 12400.40, 13471.66, '2025-10-13 23:56:52', 'Dynamic Pricing Script'),
(1944, 53, 108.57, 116.20, '2025-10-13 23:57:28', 'Dynamic Pricing Script'),
(1945, 57, 347.78, 258.25, '2025-10-13 23:59:49', 'Dynamic Pricing Script'),
(1946, 61, 43573.30, 46959.57, '2025-10-14 00:01:00', 'Dynamic Pricing Script'),
(1947, 64, 240.66, 274.35, '2025-10-14 00:43:16', 'Dynamic Pricing Script'),
(1948, 38, 7007.94, 7611.52, '2025-10-14 08:25:28', 'Dynamic Pricing Script'),
(1949, 38, 7611.52, 6393.68, '2025-10-14 08:27:46', 'Dynamic Pricing Script'),
(1950, 26, 4734.92, 5397.80, '2025-10-14 11:25:10', 'Dynamic Pricing Script'),
(1951, 26, 4734.92, 5397.80, '2025-10-14 11:25:10', 'Dynamic Pricing Script'),
(1952, 27, 7104.68, 6536.30, '2025-10-14 11:26:15', 'Dynamic Pricing Script'),
(1953, 27, 6536.30, 7099.11, '2025-10-14 11:29:23', 'Dynamic Pricing Script'),
(1954, 27, 7099.11, 8092.98, '2025-10-14 11:29:56', 'Dynamic Pricing Script'),
(1955, 30, 2026.78, 2310.53, '2025-10-14 11:33:01', 'Dynamic Pricing Script'),
(1956, 30, 2310.53, 1867.15, '2025-10-14 11:33:27', 'Dynamic Pricing Script'),
(1957, 57, 258.25, 280.46, '2025-10-14 11:36:53', 'Dynamic Pricing Script'),
(1958, 49, 19898.99, 21760.61, '2025-10-14 11:38:00', 'Dynamic Pricing Script'),
(1959, 53, 116.20, 125.04, '2025-10-14 11:40:11', 'Dynamic Pricing Script'),
(1960, 54, 189.20, 141.85, '2025-10-14 11:40:47', 'Dynamic Pricing Script'),
(1961, 38, 6393.68, 6992.13, '2025-10-14 11:41:49', 'Dynamic Pricing Script'),
(1962, 50, 33299.98, 26912.06, '2025-10-14 11:42:47', 'Dynamic Pricing Script'),
(1963, 50, 26912.06, 29228.60, '2025-10-14 11:43:02', 'Dynamic Pricing Script'),
(1964, 59, 2933.17, 3166.97, '2025-10-14 11:43:44', 'Dynamic Pricing Script'),
(1965, 63, 180.92, 195.60, '2025-10-14 11:44:18', 'Dynamic Pricing Script'),
(1966, 26, 5397.80, 3985.77, '2025-10-14 11:45:08', 'Dynamic Pricing Script'),
(1967, 26, 3985.77, 4360.11, '2025-10-14 11:45:56', 'Dynamic Pricing Script'),
(1968, 30, 1867.15, 2027.96, '2025-10-14 11:47:17', 'Dynamic Pricing Script'),
(1969, 51, 69.15, 74.53, '2025-10-14 11:48:00', 'Dynamic Pricing Script'),
(1970, 48, 85317.30, 63043.18, '2025-10-14 11:48:34', 'Dynamic Pricing Script'),
(1971, 48, 63043.18, 68936.81, '2025-10-14 11:49:35', 'Dynamic Pricing Script'),
(1972, 57, 280.46, 309.71, '2025-10-14 11:50:17', 'Dynamic Pricing Script'),
(1973, 56, 1261.84, 1386.08, '2025-10-14 11:53:42', 'Dynamic Pricing Script'),
(1974, 26, 4360.11, 4736.42, '2025-10-14 11:54:32', 'Dynamic Pricing Script'),
(1975, 30, 2027.96, 1825.56, '2025-10-14 12:00:25', 'Dynamic Pricing Script'),
(1976, 32, 968.96, 908.06, '2025-10-14 12:00:25', 'Dynamic Pricing Script'),
(1977, 38, 6992.13, 6075.61, '2025-10-14 12:00:25', 'Dynamic Pricing Script'),
(1978, 48, 68936.81, 59897.57, '2025-10-14 12:00:26', 'Dynamic Pricing Script'),
(1979, 49, 21760.61, 18907.86, '2025-10-14 12:00:26', 'Dynamic Pricing Script'),
(1980, 51, 74.53, 64.34, '2025-10-14 12:00:26', 'Dynamic Pricing Script'),
(1981, 54, 141.85, 132.70, '2025-10-14 12:00:26', 'Dynamic Pricing Script'),
(1982, 59, 3166.97, 2615.05, '2025-10-14 12:00:26', 'Dynamic Pricing Script'),
(1983, 61, 46959.57, 40537.43, '2025-10-14 12:00:26', 'Dynamic Pricing Script'),
(1984, 63, 195.60, 185.60, '2025-10-14 12:00:26', 'Dynamic Pricing Script'),
(1985, 30, 1825.56, 2026.07, '2025-10-14 12:02:16', 'Dynamic Pricing Script'),
(1986, 32, 908.06, 968.39, '2025-10-14 12:02:16', 'Dynamic Pricing Script'),
(1987, 38, 6075.61, 6974.13, '2025-10-14 12:02:16', 'Dynamic Pricing Script'),
(1988, 48, 59897.57, 68747.14, '2025-10-14 12:02:16', 'Dynamic Pricing Script'),
(1989, 49, 18907.86, 21703.01, '2025-10-14 12:02:16', 'Dynamic Pricing Script'),
(1990, 51, 64.34, 72.75, '2025-10-14 12:02:16', 'Dynamic Pricing Script'),
(1991, 59, 2615.05, 3127.55, '2025-10-14 12:02:16', 'Dynamic Pricing Script'),
(1992, 61, 40537.43, 45841.08, '2025-10-14 12:02:16', 'Dynamic Pricing Script'),
(1993, 63, 185.60, 195.01, '2025-10-14 12:02:16', 'Dynamic Pricing Script'),
(1994, 30, 2026.07, 2309.72, '2025-10-14 12:06:57', 'Dynamic Pricing Script'),
(1995, 38, 6974.13, 7575.06, '2025-10-14 12:07:33', 'Dynamic Pricing Script'),
(1996, 51, 72.75, 78.59, '2025-10-14 12:08:48', 'Dynamic Pricing Script'),
(1997, 50, 29228.60, 33320.60, '2025-10-14 12:09:26', 'Dynamic Pricing Script'),
(1998, 54, 132.70, 149.55, '2025-10-14 12:10:53', 'Dynamic Pricing Script'),
(1999, 61, 45841.08, 49520.63, '2025-10-14 12:11:44', 'Dynamic Pricing Script'),
(2000, 26, 4736.42, 4357.51, '2025-10-14 12:12:30', 'Dynamic Pricing Script'),
(2001, 27, 8092.98, 5971.28, '2025-10-14 12:13:02', 'Dynamic Pricing Script'),
(2002, 27, 5971.28, 6530.00, '2025-10-14 12:14:08', 'Dynamic Pricing Script'),
(2003, 26, 4357.51, 4733.64, '2025-10-14 12:21:19', 'Dynamic Pricing Script'),
(2004, 27, 6530.00, 7092.47, '2025-10-14 12:24:39', 'Dynamic Pricing Script'),
(2005, 48, 68747.14, 74667.12, '2025-10-14 12:25:29', 'Dynamic Pricing Script'),
(2006, 54, 149.55, 164.59, '2025-10-14 12:27:10', 'Dynamic Pricing Script'),
(2007, 60, 10803.75, 12316.27, '2025-10-14 12:34:39', 'Dynamic Pricing Script'),
(2008, 60, 12316.27, 9190.65, '2025-10-14 12:36:07', 'Dynamic Pricing Script'),
(2009, 49, 21703.01, 23572.58, '2025-10-14 12:37:20', 'Dynamic Pricing Script'),
(2010, 26, 4733.64, 5396.35, '2025-10-14 12:38:55', 'Dynamic Pricing Script'),
(2011, 27, 7092.47, 8085.41, '2025-10-14 12:41:37', 'Dynamic Pricing Script'),
(2012, 49, 23572.58, 26872.74, '2025-10-14 12:42:26', 'Dynamic Pricing Script'),
(2013, 26, 5396.35, 3980.29, '2025-10-14 12:52:26', 'Dynamic Pricing Script'),
(2014, 30, 2309.72, 1704.09, '2025-10-14 12:52:41', 'Dynamic Pricing Script'),
(2015, 47, 48874.07, 41054.22, '2025-10-14 12:53:13', 'Dynamic Pricing Script'),
(2016, 47, 41054.22, 44901.59, '2025-10-14 12:53:28', 'Dynamic Pricing Script'),
(2017, 47, 44901.59, 48772.42, '2025-10-14 12:54:19', 'Dynamic Pricing Script'),
(2018, 51, 78.59, 89.59, '2025-10-14 12:54:44', 'Dynamic Pricing Script'),
(2019, 26, 3980.29, 4354.34, '2025-10-14 13:25:21', 'Dynamic Pricing Script'),
(2020, 51, 89.59, 72.98, '2025-10-14 13:25:48', 'Dynamic Pricing Script'),
(2021, 60, 9190.65, 9931.74, '2025-10-14 13:30:12', 'Dynamic Pricing Script'),
(2022, 47, 48772.42, 44870.63, '2025-10-14 13:33:00', 'Dynamic Pricing Script'),
(2023, 30, 1704.09, 1863.67, '2025-10-14 13:34:14', 'Dynamic Pricing Script'),
(2024, 30, 1863.67, 2064.74, '2025-10-14 13:40:49', 'Dynamic Pricing Script'),
(2025, 51, 72.98, 80.51, '2025-10-14 13:41:28', 'Dynamic Pricing Script'),
(2026, 60, 9931.74, 10728.93, '2025-10-14 13:42:11', 'Dynamic Pricing Script'),
(2027, 47, 44870.63, 48739.35, '2025-10-14 13:42:49', 'Dynamic Pricing Script'),
(2028, 34, 2384.45, 2718.27, '2025-10-14 13:43:54', 'Dynamic Pricing Script'),
(2029, 35, 6746.56, 4978.48, '2025-10-14 13:44:37', 'Dynamic Pricing Script'),
(2030, 35, 4978.48, 5443.52, '2025-10-14 13:45:26', 'Dynamic Pricing Script'),
(2031, 53, 125.04, 105.03, '2025-10-14 13:49:42', 'Dynamic Pricing Script'),
(2032, 53, 105.03, 113.19, '2025-10-14 13:50:09', 'Dynamic Pricing Script'),
(2033, 28, 7797.16, 5750.50, '2025-10-14 13:51:08', 'Dynamic Pricing Script'),
(2034, 36, 1007.70, 813.61, '2025-10-14 13:51:49', 'Dynamic Pricing Script'),
(2035, 31, 13471.66, 11316.20, '2025-10-14 14:02:07', 'Dynamic Pricing Script'),
(2036, 26, 4354.34, 3973.43, '2025-10-14 14:04:11', 'Dynamic Pricing Script'),
(2037, 26, 3973.43, 4346.92, '2025-10-14 14:08:04', 'Dynamic Pricing Script'),
(2038, 28, 5750.50, 6291.67, '2025-10-14 14:08:34', 'Dynamic Pricing Script'),
(2039, 31, 11316.20, 12381.13, '2025-10-14 14:09:09', 'Dynamic Pricing Script'),
(2040, 53, 113.19, 122.14, '2025-10-14 14:09:50', 'Dynamic Pricing Script'),
(2041, 36, 813.61, 883.63, '2025-10-14 14:10:29', 'Dynamic Pricing Script'),
(2042, 31, 12381.13, 13450.85, '2025-10-14 14:12:45', 'Dynamic Pricing Script'),
(2043, 28, 6291.67, 6835.26, '2025-10-14 14:13:16', 'Dynamic Pricing Script'),
(2044, 35, 5443.52, 5912.00, '2025-10-14 14:16:21', 'Dynamic Pricing Script'),
(2045, 59, 3127.55, 3565.41, '2025-10-14 14:16:57', 'Dynamic Pricing Script'),
(2046, 26, 4346.92, 4286.92, '2025-10-14 14:22:35', 'Dynamic Pricing Script'),
(2047, 27, 8085.41, 8197.91, '2025-10-14 14:22:35', 'Dynamic Pricing Script');
INSERT INTO `price_history` (`id`, `product_id`, `old_price`, `price`, `date_changed`, `changed_by`) VALUES
(2048, 28, 6835.26, 7048.67, '2025-10-14 14:22:35', 'Dynamic Pricing Script'),
(2049, 30, 2064.74, 2094.56, '2025-10-14 14:22:35', 'Dynamic Pricing Script'),
(2050, 32, 968.39, 980.31, '2025-10-14 14:22:35', 'Dynamic Pricing Script'),
(2051, 33, 4429.99, 4284.26, '2025-10-14 14:22:35', 'Dynamic Pricing Script'),
(2052, 35, 5912.00, 5754.71, '2025-10-14 14:22:35', 'Dynamic Pricing Script'),
(2053, 36, 883.63, 870.07, '2025-10-14 14:22:35', 'Dynamic Pricing Script'),
(2054, 47, 48739.35, 49478.47, '2025-10-14 14:22:35', 'Dynamic Pricing Script'),
(2055, 48, 74667.12, 73251.66, '2025-10-14 14:22:35', 'Dynamic Pricing Script'),
(2056, 49, 26872.74, 27681.50, '2025-10-14 14:22:35', 'Dynamic Pricing Script'),
(2057, 50, 33320.60, 33843.63, '2025-10-14 14:22:35', 'Dynamic Pricing Script'),
(2058, 51, 80.51, 82.94, '2025-10-14 14:22:35', 'Dynamic Pricing Script'),
(2059, 52, 116.84, 118.04, '2025-10-14 14:22:35', 'Dynamic Pricing Script'),
(2060, 53, 122.14, 119.68, '2025-10-14 14:22:35', 'Dynamic Pricing Script'),
(2061, 55, 23938.57, 24310.03, '2025-10-14 14:22:35', 'Dynamic Pricing Script'),
(2062, 59, 3565.41, 3688.02, '2025-10-14 14:22:35', 'Dynamic Pricing Script'),
(2063, 60, 10728.93, 10594.55, '2025-10-14 14:22:35', 'Dynamic Pricing Script'),
(2064, 62, 68421.29, 69894.47, '2025-10-14 14:22:35', 'Dynamic Pricing Script'),
(2065, 63, 195.01, 189.62, '2025-10-14 14:22:35', 'Dynamic Pricing Script'),
(2066, 28, 7048.67, 6940.80, '2025-10-14 14:22:50', 'Dynamic Pricing Script'),
(2067, 30, 2094.56, 2047.81, '2025-10-14 14:22:50', 'Dynamic Pricing Script'),
(2068, 31, 13450.85, 13004.23, '2025-10-14 14:22:50', 'Dynamic Pricing Script'),
(2069, 32, 980.31, 995.18, '2025-10-14 14:22:50', 'Dynamic Pricing Script'),
(2070, 33, 4284.26, 4436.94, '2025-10-14 14:22:50', 'Dynamic Pricing Script'),
(2071, 34, 2718.27, 2793.83, '2025-10-14 14:22:50', 'Dynamic Pricing Script'),
(2072, 35, 5754.71, 5885.48, '2025-10-14 14:22:50', 'Dynamic Pricing Script'),
(2073, 36, 870.07, 892.30, '2025-10-14 14:22:50', 'Dynamic Pricing Script'),
(2074, 38, 7575.06, 7725.53, '2025-10-14 14:22:50', 'Dynamic Pricing Script'),
(2075, 47, 49478.47, 50543.79, '2025-10-14 14:22:50', 'Dynamic Pricing Script'),
(2076, 48, 73251.66, 74071.38, '2025-10-14 14:22:50', 'Dynamic Pricing Script'),
(2077, 49, 27681.50, 26669.47, '2025-10-14 14:22:50', 'Dynamic Pricing Script'),
(2078, 50, 33843.63, 33059.68, '2025-10-14 14:22:50', 'Dynamic Pricing Script'),
(2079, 51, 82.94, 81.85, '2025-10-14 14:22:50', 'Dynamic Pricing Script'),
(2080, 52, 118.04, 120.53, '2025-10-14 14:22:50', 'Dynamic Pricing Script'),
(2081, 53, 119.68, 121.55, '2025-10-14 14:22:50', 'Dynamic Pricing Script'),
(2082, 54, 164.59, 168.84, '2025-10-14 14:22:50', 'Dynamic Pricing Script'),
(2083, 55, 24310.03, 24830.75, '2025-10-14 14:22:50', 'Dynamic Pricing Script'),
(2084, 56, 1386.08, 1406.58, '2025-10-14 14:22:50', 'Dynamic Pricing Script'),
(2085, 57, 309.71, 313.71, '2025-10-14 14:22:50', 'Dynamic Pricing Script'),
(2086, 61, 49520.63, 50033.75, '2025-10-14 14:22:50', 'Dynamic Pricing Script'),
(2087, 62, 69894.47, 69121.05, '2025-10-14 14:22:50', 'Dynamic Pricing Script'),
(2088, 63, 189.62, 194.74, '2025-10-14 14:22:50', 'Dynamic Pricing Script'),
(2089, 64, 274.35, 283.55, '2025-10-14 14:22:50', 'Dynamic Pricing Script'),
(2090, 27, 8197.91, 8106.30, '2025-10-14 14:23:01', 'Dynamic Pricing Script'),
(2091, 31, 13004.23, 13549.84, '2025-10-14 14:23:01', 'Dynamic Pricing Script'),
(2092, 32, 995.18, 962.00, '2025-10-14 14:23:01', 'Dynamic Pricing Script'),
(2093, 33, 4436.94, 4589.52, '2025-10-14 14:23:01', 'Dynamic Pricing Script'),
(2094, 34, 2793.83, 2758.84, '2025-10-14 14:23:01', 'Dynamic Pricing Script'),
(2095, 36, 892.30, 875.77, '2025-10-14 14:23:01', 'Dynamic Pricing Script'),
(2096, 47, 50543.79, 49108.66, '2025-10-14 14:23:01', 'Dynamic Pricing Script'),
(2097, 48, 74071.38, 76525.31, '2025-10-14 14:23:01', 'Dynamic Pricing Script'),
(2098, 52, 120.53, 124.25, '2025-10-14 14:23:01', 'Dynamic Pricing Script'),
(2099, 53, 121.55, 125.63, '2025-10-14 14:23:01', 'Dynamic Pricing Script'),
(2100, 54, 168.84, 164.44, '2025-10-14 14:23:02', 'Dynamic Pricing Script'),
(2101, 55, 24830.75, 25140.12, '2025-10-14 14:23:02', 'Dynamic Pricing Script'),
(2102, 56, 1406.58, 1429.63, '2025-10-14 14:23:02', 'Dynamic Pricing Script'),
(2103, 57, 313.71, 308.30, '2025-10-14 14:23:02', 'Dynamic Pricing Script'),
(2104, 58, 4237.39, 4372.11, '2025-10-14 14:23:02', 'Dynamic Pricing Script'),
(2105, 59, 3688.02, 3584.72, '2025-10-14 14:23:02', 'Dynamic Pricing Script'),
(2106, 61, 50033.75, 49400.89, '2025-10-14 14:23:02', 'Dynamic Pricing Script'),
(2107, 62, 69121.05, 67860.86, '2025-10-14 14:23:02', 'Dynamic Pricing Script'),
(2108, 63, 194.74, 190.61, '2025-10-14 14:23:02', 'Dynamic Pricing Script'),
(2109, 64, 283.55, 277.43, '2025-10-14 14:23:02', 'Dynamic Pricing Script'),
(2110, 27, 8106.30, 8244.31, '2025-10-14 14:23:03', 'Dynamic Pricing Script'),
(2111, 31, 13549.84, 13911.12, '2025-10-14 14:23:03', 'Dynamic Pricing Script'),
(2112, 32, 962.00, 995.59, '2025-10-14 14:23:03', 'Dynamic Pricing Script'),
(2113, 33, 4589.52, 4390.86, '2025-10-14 14:23:03', 'Dynamic Pricing Script'),
(2114, 34, 2758.84, 2818.24, '2025-10-14 14:23:03', 'Dynamic Pricing Script'),
(2115, 35, 5885.48, 5956.37, '2025-10-14 14:23:03', 'Dynamic Pricing Script'),
(2116, 38, 7725.53, 7979.79, '2025-10-14 14:23:03', 'Dynamic Pricing Script'),
(2117, 48, 76525.31, 73960.15, '2025-10-14 14:23:03', 'Dynamic Pricing Script'),
(2118, 49, 26669.47, 27157.60, '2025-10-14 14:23:03', 'Dynamic Pricing Script'),
(2119, 50, 33059.68, 33461.50, '2025-10-14 14:23:03', 'Dynamic Pricing Script'),
(2120, 52, 124.25, 126.72, '2025-10-14 14:23:03', 'Dynamic Pricing Script'),
(2121, 53, 125.63, 121.44, '2025-10-14 14:23:03', 'Dynamic Pricing Script'),
(2122, 55, 25140.12, 25731.74, '2025-10-14 14:23:03', 'Dynamic Pricing Script'),
(2123, 56, 1429.63, 1448.09, '2025-10-14 14:23:03', 'Dynamic Pricing Script'),
(2124, 57, 308.30, 318.10, '2025-10-14 14:23:03', 'Dynamic Pricing Script'),
(2125, 58, 4372.11, 4228.47, '2025-10-14 14:23:03', 'Dynamic Pricing Script'),
(2126, 60, 10594.55, 10800.38, '2025-10-14 14:23:03', 'Dynamic Pricing Script'),
(2127, 61, 49400.89, 50479.83, '2025-10-14 14:23:03', 'Dynamic Pricing Script'),
(2128, 62, 67860.86, 68711.94, '2025-10-14 14:23:03', 'Dynamic Pricing Script'),
(2129, 64, 277.43, 284.49, '2025-10-14 14:23:04', 'Dynamic Pricing Script'),
(2130, 27, 8244.31, 8014.83, '2025-10-14 14:23:04', 'Dynamic Pricing Script'),
(2131, 30, 2047.81, 2108.82, '2025-10-14 14:23:04', 'Dynamic Pricing Script'),
(2132, 32, 995.59, 977.14, '2025-10-14 14:23:05', 'Dynamic Pricing Script'),
(2133, 34, 2818.24, 2749.31, '2025-10-14 14:23:05', 'Dynamic Pricing Script'),
(2134, 35, 5956.37, 5774.67, '2025-10-14 14:23:05', 'Dynamic Pricing Script'),
(2135, 36, 875.77, 904.59, '2025-10-14 14:23:05', 'Dynamic Pricing Script'),
(2136, 38, 7979.79, 7705.97, '2025-10-14 14:23:05', 'Dynamic Pricing Script'),
(2137, 47, 49108.66, 50064.71, '2025-10-14 14:23:05', 'Dynamic Pricing Script'),
(2138, 48, 73960.15, 75444.14, '2025-10-14 14:23:05', 'Dynamic Pricing Script'),
(2139, 50, 33461.50, 34213.50, '2025-10-14 14:23:05', 'Dynamic Pricing Script'),
(2140, 51, 81.85, 80.48, '2025-10-14 14:23:05', 'Dynamic Pricing Script'),
(2141, 53, 121.44, 123.43, '2025-10-14 14:23:05', 'Dynamic Pricing Script'),
(2142, 54, 164.44, 166.56, '2025-10-14 14:23:05', 'Dynamic Pricing Script'),
(2143, 55, 25731.74, 26516.39, '2025-10-14 14:23:05', 'Dynamic Pricing Script'),
(2144, 57, 318.10, 307.69, '2025-10-14 14:23:05', 'Dynamic Pricing Script'),
(2145, 58, 4228.47, 4370.72, '2025-10-14 14:23:05', 'Dynamic Pricing Script'),
(2146, 59, 3584.72, 3664.19, '2025-10-14 14:23:05', 'Dynamic Pricing Script'),
(2147, 60, 10800.38, 10571.45, '2025-10-14 14:23:05', 'Dynamic Pricing Script'),
(2148, 61, 50479.83, 49177.93, '2025-10-14 14:23:05', 'Dynamic Pricing Script'),
(2149, 63, 190.61, 196.28, '2025-10-14 14:23:05', 'Dynamic Pricing Script'),
(2150, 64, 284.49, 280.51, '2025-10-14 14:23:05', 'Dynamic Pricing Script'),
(2151, 26, 4286.92, 4394.50, '2025-10-14 14:23:08', 'Dynamic Pricing Script'),
(2152, 27, 8014.83, 8200.29, '2025-10-14 14:23:08', 'Dynamic Pricing Script'),
(2153, 30, 2108.82, 2063.90, '2025-10-14 14:23:08', 'Dynamic Pricing Script'),
(2154, 31, 13911.12, 13578.00, '2025-10-14 14:23:08', 'Dynamic Pricing Script'),
(2155, 33, 4390.86, 4503.44, '2025-10-14 14:23:08', 'Dynamic Pricing Script'),
(2156, 35, 5774.67, 5889.70, '2025-10-14 14:23:08', 'Dynamic Pricing Script'),
(2157, 36, 904.59, 888.74, '2025-10-14 14:23:08', 'Dynamic Pricing Script'),
(2158, 38, 7705.97, 7876.06, '2025-10-14 14:23:08', 'Dynamic Pricing Script'),
(2159, 47, 50064.71, 49182.40, '2025-10-14 14:23:08', 'Dynamic Pricing Script'),
(2160, 48, 75444.14, 74217.17, '2025-10-14 14:23:08', 'Dynamic Pricing Script'),
(2161, 49, 27157.60, 26323.47, '2025-10-14 14:23:08', 'Dynamic Pricing Script'),
(2162, 50, 34213.50, 33437.91, '2025-10-14 14:23:08', 'Dynamic Pricing Script'),
(2163, 51, 80.48, 81.52, '2025-10-14 14:23:08', 'Dynamic Pricing Script'),
(2164, 52, 126.72, 129.91, '2025-10-14 14:23:08', 'Dynamic Pricing Script'),
(2165, 53, 123.43, 119.37, '2025-10-14 14:23:08', 'Dynamic Pricing Script'),
(2166, 54, 166.56, 161.38, '2025-10-14 14:23:08', 'Dynamic Pricing Script'),
(2167, 55, 26516.39, 27249.60, '2025-10-14 14:23:08', 'Dynamic Pricing Script'),
(2168, 56, 1448.09, 1479.72, '2025-10-14 14:23:08', 'Dynamic Pricing Script'),
(2169, 57, 307.69, 310.93, '2025-10-14 14:23:08', 'Dynamic Pricing Script'),
(2170, 58, 4370.72, 4246.84, '2025-10-14 14:23:08', 'Dynamic Pricing Script'),
(2171, 60, 10571.45, 10812.27, '2025-10-14 14:23:08', 'Dynamic Pricing Script'),
(2172, 61, 49177.93, 50469.03, '2025-10-14 14:23:08', 'Dynamic Pricing Script'),
(2173, 62, 68711.94, 70630.02, '2025-10-14 14:23:08', 'Dynamic Pricing Script'),
(2174, 63, 196.28, 192.03, '2025-10-14 14:23:08', 'Dynamic Pricing Script'),
(2175, 64, 280.51, 286.01, '2025-10-14 14:23:08', 'Dynamic Pricing Script'),
(2176, 27, 8200.29, 8036.79, '2025-10-14 14:23:26', 'Dynamic Pricing Script'),
(2177, 28, 6940.80, 7173.63, '2025-10-14 14:23:26', 'Dynamic Pricing Script'),
(2178, 30, 2063.90, 2092.51, '2025-10-14 14:23:26', 'Dynamic Pricing Script'),
(2179, 33, 4503.44, 4421.30, '2025-10-14 14:23:26', 'Dynamic Pricing Script'),
(2180, 34, 2749.31, 2813.66, '2025-10-14 14:23:26', 'Dynamic Pricing Script'),
(2181, 36, 888.74, 861.11, '2025-10-14 14:23:26', 'Dynamic Pricing Script'),
(2182, 38, 7876.06, 7749.28, '2025-10-14 14:23:26', 'Dynamic Pricing Script'),
(2183, 47, 49182.40, 49760.54, '2025-10-14 14:23:26', 'Dynamic Pricing Script'),
(2184, 49, 26323.47, 27289.62, '2025-10-14 14:23:26', 'Dynamic Pricing Script'),
(2185, 52, 129.91, 133.72, '2025-10-14 14:23:26', 'Dynamic Pricing Script'),
(2186, 53, 119.37, 121.82, '2025-10-14 14:23:26', 'Dynamic Pricing Script'),
(2187, 54, 161.38, 167.39, '2025-10-14 14:23:26', 'Dynamic Pricing Script'),
(2188, 55, 27249.60, 26715.10, '2025-10-14 14:23:26', 'Dynamic Pricing Script'),
(2189, 56, 1479.72, 1445.70, '2025-10-14 14:23:26', 'Dynamic Pricing Script'),
(2190, 57, 310.93, 320.38, '2025-10-14 14:23:26', 'Dynamic Pricing Script'),
(2191, 58, 4246.84, 4394.39, '2025-10-14 14:23:26', 'Dynamic Pricing Script'),
(2192, 59, 3664.19, 3731.16, '2025-10-14 14:23:26', 'Dynamic Pricing Script'),
(2193, 60, 10812.27, 10481.79, '2025-10-14 14:23:26', 'Dynamic Pricing Script'),
(2194, 61, 50469.03, 49231.40, '2025-10-14 14:23:26', 'Dynamic Pricing Script'),
(2195, 62, 70630.02, 68148.80, '2025-10-14 14:23:26', 'Dynamic Pricing Script'),
(2196, 64, 286.01, 295.82, '2025-10-14 14:23:26', 'Dynamic Pricing Script'),
(2197, 27, 8036.79, 8172.52, '2025-10-14 14:23:37', 'Dynamic Pricing Script'),
(2198, 28, 7173.63, 6967.64, '2025-10-14 14:23:37', 'Dynamic Pricing Script'),
(2199, 30, 2092.51, 2024.56, '2025-10-14 14:23:37', 'Dynamic Pricing Script'),
(2200, 31, 13578.00, 13844.70, '2025-10-14 14:23:37', 'Dynamic Pricing Script'),
(2201, 32, 977.14, 994.44, '2025-10-14 14:23:37', 'Dynamic Pricing Script'),
(2202, 33, 4421.30, 4544.72, '2025-10-14 14:23:37', 'Dynamic Pricing Script'),
(2203, 34, 2813.66, 2780.70, '2025-10-14 14:23:37', 'Dynamic Pricing Script'),
(2204, 35, 5889.70, 6004.03, '2025-10-14 14:23:37', 'Dynamic Pricing Script'),
(2205, 36, 861.11, 883.69, '2025-10-14 14:23:37', 'Dynamic Pricing Script'),
(2206, 38, 7749.28, 7663.65, '2025-10-14 14:23:37', 'Dynamic Pricing Script'),
(2207, 47, 49760.54, 51279.17, '2025-10-14 14:23:37', 'Dynamic Pricing Script'),
(2208, 48, 74217.17, 75573.58, '2025-10-14 14:23:37', 'Dynamic Pricing Script'),
(2209, 49, 27289.62, 26455.49, '2025-10-14 14:23:37', 'Dynamic Pricing Script'),
(2210, 50, 33437.91, 33837.04, '2025-10-14 14:23:37', 'Dynamic Pricing Script'),
(2211, 51, 81.52, 78.89, '2025-10-14 14:23:37', 'Dynamic Pricing Script'),
(2212, 52, 133.72, 130.03, '2025-10-14 14:23:37', 'Dynamic Pricing Script'),
(2213, 53, 121.82, 126.00, '2025-10-14 14:23:37', 'Dynamic Pricing Script'),
(2214, 54, 167.39, 165.39, '2025-10-14 14:23:37', 'Dynamic Pricing Script'),
(2215, 55, 26715.10, 27340.08, '2025-10-14 14:23:37', 'Dynamic Pricing Script'),
(2216, 56, 1445.70, 1486.44, '2025-10-14 14:23:37', 'Dynamic Pricing Script'),
(2217, 57, 320.38, 311.29, '2025-10-14 14:23:37', 'Dynamic Pricing Script'),
(2218, 58, 4394.39, 4253.54, '2025-10-14 14:23:37', 'Dynamic Pricing Script'),
(2219, 59, 3731.16, 3671.68, '2025-10-14 14:23:37', 'Dynamic Pricing Script'),
(2220, 60, 10481.79, 10684.70, '2025-10-14 14:23:37', 'Dynamic Pricing Script'),
(2221, 61, 49231.40, 50484.34, '2025-10-14 14:23:37', 'Dynamic Pricing Script'),
(2222, 63, 192.03, 194.71, '2025-10-14 14:23:37', 'Dynamic Pricing Script'),
(2223, 64, 295.82, 292.53, '2025-10-14 14:23:37', 'Dynamic Pricing Script'),
(2224, 26, 4394.50, 4339.15, '2025-10-14 14:23:38', 'Dynamic Pricing Script'),
(2225, 27, 8172.52, 7999.29, '2025-10-14 14:23:38', 'Dynamic Pricing Script'),
(2226, 28, 6967.64, 7046.49, '2025-10-14 14:23:38', 'Dynamic Pricing Script'),
(2227, 30, 2024.56, 2099.36, '2025-10-14 14:23:38', 'Dynamic Pricing Script'),
(2228, 31, 13844.70, 13650.99, '2025-10-14 14:23:38', 'Dynamic Pricing Script'),
(2229, 32, 994.44, 982.11, '2025-10-14 14:23:38', 'Dynamic Pricing Script'),
(2230, 33, 4544.72, 4454.23, '2025-10-14 14:23:38', 'Dynamic Pricing Script'),
(2231, 34, 2780.70, 2834.68, '2025-10-14 14:23:38', 'Dynamic Pricing Script'),
(2232, 35, 6004.03, 5910.95, '2025-10-14 14:23:38', 'Dynamic Pricing Script'),
(2233, 36, 883.69, 853.58, '2025-10-14 14:23:38', 'Dynamic Pricing Script'),
(2234, 47, 51279.17, 49696.73, '2025-10-14 14:23:38', 'Dynamic Pricing Script'),
(2235, 48, 75573.58, 73865.44, '2025-10-14 14:23:38', 'Dynamic Pricing Script'),
(2236, 49, 26455.49, 26890.85, '2025-10-14 14:23:38', 'Dynamic Pricing Script'),
(2237, 50, 33837.04, 32745.54, '2025-10-14 14:23:38', 'Dynamic Pricing Script'),
(2238, 51, 78.89, 80.46, '2025-10-14 14:23:38', 'Dynamic Pricing Script'),
(2239, 52, 130.03, 135.59, '2025-10-14 14:23:38', 'Dynamic Pricing Script'),
(2240, 53, 126.00, 123.23, '2025-10-14 14:23:38', 'Dynamic Pricing Script'),
(2241, 54, 165.39, 168.91, '2025-10-14 14:23:38', 'Dynamic Pricing Script'),
(2242, 55, 27340.08, 28031.96, '2025-10-14 14:23:38', 'Dynamic Pricing Script'),
(2243, 56, 1486.44, 1512.20, '2025-10-14 14:23:38', 'Dynamic Pricing Script'),
(2244, 58, 4253.54, 4377.74, '2025-10-14 14:23:38', 'Dynamic Pricing Script'),
(2245, 59, 3671.68, 3727.48, '2025-10-14 14:23:38', 'Dynamic Pricing Script'),
(2246, 60, 10684.70, 10956.63, '2025-10-14 14:23:38', 'Dynamic Pricing Script'),
(2247, 61, 50484.34, 49386.96, '2025-10-14 14:23:38', 'Dynamic Pricing Script'),
(2248, 62, 68148.80, 69108.07, '2025-10-14 14:23:38', 'Dynamic Pricing Script'),
(2249, 63, 194.71, 192.14, '2025-10-14 14:23:38', 'Dynamic Pricing Script'),
(2250, 64, 292.53, 289.59, '2025-10-14 14:23:38', 'Dynamic Pricing Script'),
(2251, 26, 4339.15, 4247.17, '2025-10-14 14:23:39', 'Dynamic Pricing Script'),
(2252, 27, 7999.29, 8106.47, '2025-10-14 14:23:39', 'Dynamic Pricing Script'),
(2253, 28, 7046.49, 6817.68, '2025-10-14 14:23:39', 'Dynamic Pricing Script'),
(2254, 30, 2099.36, 2069.99, '2025-10-14 14:23:39', 'Dynamic Pricing Script'),
(2255, 31, 13650.99, 14032.05, '2025-10-14 14:23:39', 'Dynamic Pricing Script'),
(2256, 32, 982.11, 1000.04, '2025-10-14 14:23:39', 'Dynamic Pricing Script'),
(2257, 33, 4454.23, 4540.69, '2025-10-14 14:23:39', 'Dynamic Pricing Script'),
(2258, 34, 2834.68, 2793.44, '2025-10-14 14:23:39', 'Dynamic Pricing Script'),
(2259, 35, 5910.95, 5709.57, '2025-10-14 14:23:39', 'Dynamic Pricing Script'),
(2260, 36, 853.58, 891.34, '2025-10-14 14:23:39', 'Dynamic Pricing Script'),
(2261, 38, 7663.65, 7926.51, '2025-10-14 14:23:39', 'Dynamic Pricing Script'),
(2262, 50, 32745.54, 33418.36, '2025-10-14 14:23:39', 'Dynamic Pricing Script'),
(2263, 51, 80.46, 83.22, '2025-10-14 14:23:39', 'Dynamic Pricing Script'),
(2264, 52, 135.59, 133.97, '2025-10-14 14:23:39', 'Dynamic Pricing Script'),
(2265, 53, 123.23, 120.92, '2025-10-14 14:23:39', 'Dynamic Pricing Script'),
(2266, 55, 28031.96, 27399.37, '2025-10-14 14:23:39', 'Dynamic Pricing Script'),
(2267, 56, 1512.20, 1463.73, '2025-10-14 14:23:39', 'Dynamic Pricing Script'),
(2268, 57, 311.29, 318.83, '2025-10-14 14:23:39', 'Dynamic Pricing Script'),
(2269, 58, 4377.74, 4280.56, '2025-10-14 14:23:39', 'Dynamic Pricing Script'),
(2270, 59, 3727.48, 3822.34, '2025-10-14 14:23:39', 'Dynamic Pricing Script'),
(2271, 60, 10956.63, 10663.44, '2025-10-14 14:23:39', 'Dynamic Pricing Script'),
(2272, 61, 49386.96, 50428.23, '2025-10-14 14:23:39', 'Dynamic Pricing Script'),
(2273, 62, 69108.07, 68196.13, '2025-10-14 14:23:39', 'Dynamic Pricing Script'),
(2274, 63, 192.14, 196.39, '2025-10-14 14:23:39', 'Dynamic Pricing Script'),
(2275, 64, 289.59, 296.34, '2025-10-14 14:23:39', 'Dynamic Pricing Script'),
(2276, 28, 6817.68, 7040.83, '2025-10-14 14:23:40', 'Dynamic Pricing Script'),
(2277, 30, 2069.99, 2127.77, '2025-10-14 14:23:40', 'Dynamic Pricing Script'),
(2278, 31, 14032.05, 13705.23, '2025-10-14 14:23:40', 'Dynamic Pricing Script'),
(2279, 32, 1000.04, 988.42, '2025-10-14 14:23:40', 'Dynamic Pricing Script'),
(2280, 33, 4540.69, 4472.13, '2025-10-14 14:23:40', 'Dynamic Pricing Script'),
(2281, 35, 5709.57, 5962.08, '2025-10-14 14:23:40', 'Dynamic Pricing Script'),
(2282, 36, 891.34, 862.57, '2025-10-14 14:23:40', 'Dynamic Pricing Script'),
(2283, 38, 7926.51, 7811.22, '2025-10-14 14:23:40', 'Dynamic Pricing Script'),
(2284, 47, 49696.73, 50289.93, '2025-10-14 14:23:40', 'Dynamic Pricing Script'),
(2285, 49, 26890.85, 27215.23, '2025-10-14 14:23:40', 'Dynamic Pricing Script'),
(2286, 50, 33418.36, 34564.98, '2025-10-14 14:23:40', 'Dynamic Pricing Script'),
(2287, 51, 83.22, 81.96, '2025-10-14 14:23:40', 'Dynamic Pricing Script'),
(2288, 52, 133.97, 136.73, '2025-10-14 14:23:40', 'Dynamic Pricing Script'),
(2289, 53, 120.92, 122.86, '2025-10-14 14:23:40', 'Dynamic Pricing Script'),
(2290, 54, 168.91, 166.12, '2025-10-14 14:23:40', 'Dynamic Pricing Script'),
(2291, 55, 27399.37, 27789.17, '2025-10-14 14:23:40', 'Dynamic Pricing Script'),
(2292, 56, 1463.73, 1519.27, '2025-10-14 14:23:40', 'Dynamic Pricing Script'),
(2293, 57, 318.83, 312.04, '2025-10-14 14:23:40', 'Dynamic Pricing Script'),
(2294, 58, 4280.56, 4391.03, '2025-10-14 14:23:40', 'Dynamic Pricing Script'),
(2295, 59, 3822.34, 3726.35, '2025-10-14 14:23:40', 'Dynamic Pricing Script'),
(2296, 60, 10663.44, 10888.27, '2025-10-14 14:23:40', 'Dynamic Pricing Script'),
(2297, 62, 68196.13, 69820.01, '2025-10-14 14:23:40', 'Dynamic Pricing Script'),
(2298, 63, 196.39, 193.93, '2025-10-14 14:23:40', 'Dynamic Pricing Script'),
(2299, 64, 296.34, 288.63, '2025-10-14 14:23:40', 'Dynamic Pricing Script'),
(2300, 26, 4247.17, 4352.60, '2025-10-14 14:23:43', 'Dynamic Pricing Script'),
(2301, 27, 8106.47, 8332.76, '2025-10-14 14:23:43', 'Dynamic Pricing Script'),
(2302, 28, 7040.83, 6888.23, '2025-10-14 14:23:43', 'Dynamic Pricing Script'),
(2303, 30, 2127.77, 2082.51, '2025-10-14 14:23:43', 'Dynamic Pricing Script'),
(2304, 32, 988.42, 1017.40, '2025-10-14 14:23:43', 'Dynamic Pricing Script'),
(2305, 34, 2793.44, 2889.25, '2025-10-14 14:23:43', 'Dynamic Pricing Script'),
(2306, 35, 5962.08, 5896.29, '2025-10-14 14:23:43', 'Dynamic Pricing Script'),
(2307, 36, 862.57, 881.56, '2025-10-14 14:23:43', 'Dynamic Pricing Script'),
(2308, 38, 7811.22, 7658.00, '2025-10-14 14:23:43', 'Dynamic Pricing Script'),
(2309, 48, 73865.44, 75275.02, '2025-10-14 14:23:43', 'Dynamic Pricing Script'),
(2310, 49, 27215.23, 26704.49, '2025-10-14 14:23:43', 'Dynamic Pricing Script'),
(2311, 50, 34564.98, 33948.33, '2025-10-14 14:23:43', 'Dynamic Pricing Script'),
(2312, 51, 81.96, 80.11, '2025-10-14 14:23:43', 'Dynamic Pricing Script'),
(2313, 53, 122.86, 120.90, '2025-10-14 14:23:43', 'Dynamic Pricing Script'),
(2314, 54, 166.12, 169.06, '2025-10-14 14:23:43', 'Dynamic Pricing Script'),
(2315, 55, 27789.17, 28508.24, '2025-10-14 14:23:43', 'Dynamic Pricing Script'),
(2316, 56, 1519.27, 1541.57, '2025-10-14 14:23:43', 'Dynamic Pricing Script'),
(2317, 57, 312.04, 318.62, '2025-10-14 14:23:43', 'Dynamic Pricing Script'),
(2318, 58, 4391.03, 4333.09, '2025-10-14 14:23:43', 'Dynamic Pricing Script'),
(2319, 59, 3726.35, 3843.19, '2025-10-14 14:23:43', 'Dynamic Pricing Script'),
(2320, 61, 50428.23, 49362.98, '2025-10-14 14:23:43', 'Dynamic Pricing Script'),
(2321, 62, 69820.01, 68526.65, '2025-10-14 14:23:43', 'Dynamic Pricing Script'),
(2322, 63, 193.93, 196.83, '2025-10-14 14:23:43', 'Dynamic Pricing Script'),
(2323, 64, 288.63, 299.19, '2025-10-14 14:23:43', 'Dynamic Pricing Script'),
(2324, 26, 4352.60, 4287.74, '2025-10-14 14:24:07', 'Dynamic Pricing Script'),
(2325, 27, 8332.76, 8174.86, '2025-10-14 14:24:07', 'Dynamic Pricing Script'),
(2326, 30, 2082.51, 2119.40, '2025-10-14 14:24:07', 'Dynamic Pricing Script'),
(2327, 31, 13705.23, 14054.03, '2025-10-14 14:24:07', 'Dynamic Pricing Script'),
(2328, 32, 1017.40, 984.40, '2025-10-14 14:24:07', 'Dynamic Pricing Script'),
(2329, 33, 4472.13, 4566.42, '2025-10-14 14:24:07', 'Dynamic Pricing Script'),
(2330, 34, 2889.25, 2820.42, '2025-10-14 14:24:07', 'Dynamic Pricing Script'),
(2331, 35, 5896.29, 6060.02, '2025-10-14 14:24:08', 'Dynamic Pricing Script'),
(2332, 36, 881.56, 893.66, '2025-10-14 14:24:08', 'Dynamic Pricing Script'),
(2333, 47, 50289.93, 49536.93, '2025-10-14 14:24:08', 'Dynamic Pricing Script'),
(2334, 48, 75275.02, 73553.33, '2025-10-14 14:24:08', 'Dynamic Pricing Script'),
(2335, 49, 26704.49, 27347.97, '2025-10-14 14:24:08', 'Dynamic Pricing Script'),
(2336, 50, 33948.33, 33075.74, '2025-10-14 14:24:08', 'Dynamic Pricing Script'),
(2337, 51, 80.11, 80.93, '2025-10-14 14:24:08', 'Dynamic Pricing Script'),
(2338, 53, 120.90, 122.31, '2025-10-14 14:24:08', 'Dynamic Pricing Script'),
(2339, 54, 169.06, 167.00, '2025-10-14 14:24:08', 'Dynamic Pricing Script'),
(2340, 55, 28508.24, 29478.39, '2025-10-14 14:24:08', 'Dynamic Pricing Script'),
(2341, 56, 1541.57, 1124.07, '2025-10-14 14:24:08', 'Dynamic Pricing Script'),
(2342, 57, 318.62, 310.12, '2025-10-14 14:24:08', 'Dynamic Pricing Script'),
(2343, 58, 4333.09, 4388.74, '2025-10-14 14:24:08', 'Dynamic Pricing Script'),
(2344, 59, 3843.19, 3716.96, '2025-10-14 14:24:08', 'Dynamic Pricing Script'),
(2345, 60, 10888.27, 10683.68, '2025-10-14 14:24:08', 'Dynamic Pricing Script'),
(2346, 61, 49362.98, 50305.45, '2025-10-14 14:24:08', 'Dynamic Pricing Script'),
(2347, 63, 196.83, 192.86, '2025-10-14 14:24:08', 'Dynamic Pricing Script'),
(2348, 64, 299.19, 289.54, '2025-10-14 14:24:08', 'Dynamic Pricing Script'),
(2349, 26, 4287.74, 4396.86, '2025-10-14 14:24:12', 'Dynamic Pricing Script'),
(2350, 27, 8174.86, 8294.85, '2025-10-14 14:24:12', 'Dynamic Pricing Script'),
(2351, 28, 6888.23, 6987.06, '2025-10-14 14:24:12', 'Dynamic Pricing Script'),
(2352, 31, 14054.03, 13838.42, '2025-10-14 14:24:12', 'Dynamic Pricing Script'),
(2353, 32, 984.40, 997.91, '2025-10-14 14:24:12', 'Dynamic Pricing Script'),
(2354, 33, 4566.42, 4487.81, '2025-10-14 14:24:12', 'Dynamic Pricing Script'),
(2355, 34, 2820.42, 2750.28, '2025-10-14 14:24:12', 'Dynamic Pricing Script'),
(2356, 35, 6060.02, 5948.58, '2025-10-14 14:24:12', 'Dynamic Pricing Script'),
(2357, 36, 893.66, 874.65, '2025-10-14 14:24:12', 'Dynamic Pricing Script'),
(2358, 38, 7658.00, 7746.77, '2025-10-14 14:24:12', 'Dynamic Pricing Script'),
(2359, 47, 49536.93, 50240.46, '2025-10-14 14:24:12', 'Dynamic Pricing Script'),
(2360, 49, 27347.97, 26826.39, '2025-10-14 14:24:12', 'Dynamic Pricing Script'),
(2361, 50, 33075.74, 33856.63, '2025-10-14 14:24:12', 'Dynamic Pricing Script'),
(2362, 51, 80.93, 83.68, '2025-10-14 14:24:12', 'Dynamic Pricing Script'),
(2363, 52, 136.73, 138.60, '2025-10-14 14:24:12', 'Dynamic Pricing Script'),
(2364, 53, 122.31, 118.64, '2025-10-14 14:24:12', 'Dynamic Pricing Script'),
(2365, 54, 167.00, 170.76, '2025-10-14 14:24:12', 'Dynamic Pricing Script'),
(2366, 55, 29478.39, 28499.92, '2025-10-14 14:24:12', 'Dynamic Pricing Script'),
(2367, 56, 1124.07, 1097.42, '2025-10-14 14:24:12', 'Dynamic Pricing Script'),
(2368, 58, 4388.74, 4274.57, '2025-10-14 14:24:12', 'Dynamic Pricing Script'),
(2369, 59, 3716.96, 3809.95, '2025-10-14 14:24:12', 'Dynamic Pricing Script'),
(2370, 61, 50305.45, 49395.39, '2025-10-14 14:24:12', 'Dynamic Pricing Script'),
(2371, 63, 192.86, 199.28, '2025-10-14 14:24:12', 'Dynamic Pricing Script'),
(2372, 64, 289.54, 301.94, '2025-10-14 14:24:12', 'Dynamic Pricing Script'),
(2373, 27, 8294.85, 8190.86, '2025-10-14 14:24:16', 'Dynamic Pricing Script'),
(2374, 28, 6987.06, 6805.17, '2025-10-14 14:24:16', 'Dynamic Pricing Script'),
(2375, 30, 2119.40, 2072.83, '2025-10-14 14:24:16', 'Dynamic Pricing Script'),
(2376, 31, 13838.42, 13650.40, '2025-10-14 14:24:16', 'Dynamic Pricing Script'),
(2377, 32, 997.91, 968.45, '2025-10-14 14:24:16', 'Dynamic Pricing Script'),
(2378, 34, 2750.28, 2808.94, '2025-10-14 14:24:16', 'Dynamic Pricing Script'),
(2379, 35, 5948.58, 5785.34, '2025-10-14 14:24:16', 'Dynamic Pricing Script'),
(2380, 36, 874.65, 883.44, '2025-10-14 14:24:16', 'Dynamic Pricing Script'),
(2381, 38, 7746.77, 7612.55, '2025-10-14 14:24:16', 'Dynamic Pricing Script'),
(2382, 50, 33856.63, 34619.38, '2025-10-14 14:24:16', 'Dynamic Pricing Script'),
(2383, 51, 83.68, 80.51, '2025-10-14 14:24:16', 'Dynamic Pricing Script'),
(2384, 52, 138.60, 140.84, '2025-10-14 14:24:16', 'Dynamic Pricing Script'),
(2385, 53, 118.64, 121.95, '2025-10-14 14:24:16', 'Dynamic Pricing Script'),
(2386, 54, 170.76, 166.41, '2025-10-14 14:24:16', 'Dynamic Pricing Script'),
(2387, 55, 28499.92, 28816.08, '2025-10-14 14:24:16', 'Dynamic Pricing Script'),
(2388, 58, 4274.57, 4372.19, '2025-10-14 14:24:16', 'Dynamic Pricing Script'),
(2389, 59, 3809.95, 3912.20, '2025-10-14 14:24:16', 'Dynamic Pricing Script'),
(2390, 60, 10683.68, 10964.58, '2025-10-14 14:24:16', 'Dynamic Pricing Script'),
(2391, 61, 49395.39, 50110.71, '2025-10-14 14:24:16', 'Dynamic Pricing Script'),
(2392, 63, 199.28, 196.87, '2025-10-14 14:24:16', 'Dynamic Pricing Script'),
(2393, 64, 301.94, 293.98, '2025-10-14 14:24:16', 'Dynamic Pricing Script'),
(2394, 35, 5785.34, 4963.66, '2025-10-14 14:37:23', 'Dynamic Pricing Script'),
(2395, 35, 4963.66, 5428.63, '2025-10-14 14:46:13', 'Dynamic Pricing Script'),
(2396, 31, 13650.40, 15353.37, '2025-10-14 14:46:43', 'Dynamic Pricing Script'),
(2397, 36, 883.44, 1006.80, '2025-10-14 14:47:23', 'Dynamic Pricing Script'),
(2398, 61, 50110.71, 45712.27, '2025-10-14 14:48:39', 'Dynamic Pricing Script'),
(2399, 61, 45712.27, 49545.29, '2025-10-14 14:49:01', 'Dynamic Pricing Script'),
(2400, 56, 1097.42, 1219.97, '2025-10-14 14:49:55', 'Dynamic Pricing Script'),
(2401, 47, 50240.46, 55677.30, '2025-10-14 14:51:53', 'Dynamic Pricing Script'),
(2402, 35, 5428.63, 5896.51, '2025-10-14 14:54:23', 'Dynamic Pricing Script'),
(2403, 33, 4487.81, 3305.14, '2025-10-14 14:57:24', 'Dynamic Pricing Script'),
(2404, 56, 1219.97, 1321.63, '2025-10-14 14:59:13', 'Dynamic Pricing Script'),
(2405, 64, 293.98, 270.95, '2025-10-14 15:02:07', 'Dynamic Pricing Script'),
(2406, 50, 34619.38, 29774.24, '2025-10-14 15:03:46', 'Dynamic Pricing Script'),
(2407, 63, 196.87, 222.00, '2025-10-14 15:07:13', 'Dynamic Pricing Script'),
(2408, 33, 3305.14, 3615.86, '2025-10-14 15:09:59', 'Dynamic Pricing Script'),
(2409, 28, 6805.17, 7801.51, '2025-10-14 15:17:58', 'Dynamic Pricing Script'),
(2410, 61, 49545.29, 56481.63, '2025-10-14 15:20:21', 'Dynamic Pricing Script'),
(2411, 59, 3912.20, 2861.31, '2025-10-14 15:20:52', 'Dynamic Pricing Script'),
(2412, 62, 68526.65, 77372.45, '2025-10-14 15:22:15', 'Dynamic Pricing Script'),
(2413, 26, 4396.86, 4695.03, '2025-10-14 15:25:27', 'Dynamic Pricing Script'),
(2414, 61, 56481.63, 41812.26, '2025-10-14 15:29:19', 'Dynamic Pricing Script'),
(2415, 57, 310.12, 282.68, '2025-10-14 15:30:53', 'Dynamic Pricing Script'),
(2416, 34, 2808.94, 2071.24, '2025-10-14 15:40:46', 'Dynamic Pricing Script'),
(2417, 34, 2071.24, 2265.37, '2025-10-14 15:41:39', 'Dynamic Pricing Script'),
(2418, 26, 4695.03, 5352.34, '2025-10-14 16:06:05', 'Dynamic Pricing Script'),
(2419, 26, 5352.34, 3947.51, '2025-10-14 16:07:17', 'Dynamic Pricing Script'),
(2420, 26, 3947.51, 4318.87, '2025-10-14 23:28:43', 'Dynamic Pricing Script'),
(2421, 26, 4318.87, 4691.96, '2025-10-16 12:52:31', 'Dynamic Pricing Script'),
(2422, 26, 4691.96, 5348.83, '2025-10-27 16:22:58', 'Dynamic Pricing Script'),
(2423, 33, 3615.86, 3928.10, '2025-10-27 16:27:00', 'Dynamic Pricing Script'),
(2424, 33, 3928.10, 4478.03, '2025-10-27 16:27:31', 'Dynamic Pricing Script'),
(2425, 61, 41812.26, 45558.02, '2025-10-27 16:28:53', 'Dynamic Pricing Script'),
(2426, 61, 45558.02, 50383.71, '2025-10-27 16:29:45', 'Dynamic Pricing Script'),
(2427, 57, 282.68, 312.65, '2025-10-27 16:30:22', 'Dynamic Pricing Script'),
(2428, 60, 10964.58, 12234.78, '2025-10-27 16:32:33', 'Dynamic Pricing Script'),
(2429, 30, 2072.83, 2328.54, '2025-10-27 16:32:58', 'Dynamic Pricing Script'),
(2430, 26, 5348.83, 3944.83, '2025-10-27 16:33:33', 'Dynamic Pricing Script'),
(2431, 55, 28816.08, 21558.25, '2025-10-27 16:34:06', 'Dynamic Pricing Script'),
(2432, 26, 3944.83, 4785.21, '2025-10-27 17:19:17', 'Dynamic Pricing Script'),
(2433, 55, 21558.25, 23431.53, '2025-10-28 15:21:40', 'Dynamic Pricing Script');

-- --------------------------------------------------------

--
-- Table structure for table `price_settings`
--

CREATE TABLE `price_settings` (
  `id` int(11) NOT NULL,
  `product_id` int(11) NOT NULL,
  `min_price` decimal(10,2) NOT NULL,
  `max_price` decimal(10,2) NOT NULL,
  `auto_adjust` tinyint(1) DEFAULT 0,
  `last_optimized` datetime DEFAULT NULL
) ENGINE=InnoDB DEFAULT CHARSET=utf8mb4 COLLATE=utf8mb4_general_ci;

--
-- Dumping data for table `price_settings`
--

INSERT INTO `price_settings` (`id`, `product_id`, `min_price`, `max_price`, `auto_adjust`, `last_optimized`) VALUES
(1, 31, 6600.00, 15000.00, 1, NULL),
(2, 25, 2800.00, 5250.00, 0, NULL),
(3, 26, 1200.00, 2250.00, 0, NULL),
(4, 27, 560.00, 1050.00, 0, NULL),
(5, 28, 2000.00, 3750.00, 0, NULL),
(6, 30, 280.00, 525.00, 0, '2025-05-04 15:51:36'),
(7, 32, 640.00, 1200.00, 1, NULL),
(8, 33, 56.00, 105.00, 0, NULL),
(9, 34, 130.46, 375.00, 1, '2025-05-04 16:11:19'),
(10, 35, 960.00, 1800.00, 0, NULL),
(11, 36, 400.00, 750.00, 1, NULL),
(12, 38, 2560.00, 4800.00, 0, NULL);

-- --------------------------------------------------------

--
-- Table structure for table `products`
--

CREATE TABLE `products` (
  `id` int(11) NOT NULL,
  `name` varchar(100) DEFAULT NULL,
  `category` varchar(50) DEFAULT NULL,
  `price` decimal(10,2) DEFAULT NULL,
  `cost_price` decimal(10,2) NOT NULL,
  `stock_quantity` int(11) NOT NULL,
  `image` varchar(255) DEFAULT NULL,
  `min_price` decimal(10,2) DEFAULT NULL,
  `max_price` decimal(10,2) DEFAULT NULL,
  `basic_price` decimal(10,2) DEFAULT NULL
) ENGINE=InnoDB DEFAULT CHARSET=utf8mb4 COLLATE=utf8mb4_general_ci;

--
-- Dumping data for table `products`
--

INSERT INTO `products` (`id`, `name`, `category`, `price`, `cost_price`, `stock_quantity`, `image`, `min_price`, `max_price`, `basic_price`) VALUES
(26, 'Spray Paint', 'Paint', 4785.21, 3500.00, 18, 'https://www.auto-paint.co.uk/images/cache/aerosol_full_size6ab.600.webp', 3753.58, 5630.38, 20000.00),
(27, 'Safety Helmet', 'Safety Equipment', 8190.86, 5000.00, 3, 'https://d11ak7fd9ypfb7.cloudfront.net/styles1100px/PS61YER.jpg', 5772.25, 8658.37, 6000.00),
(28, 'Cement Bag', 'Building Materials', 7801.51, 8000.00, 7, 'https://encrypted-tbn0.gstatic.com/images?q=tbn:ANd9GcTJN9AENDgzLbfYPVatNFjOj6ruU22jr3Q74Q&s', 5479.30, 8218.96, 2000.00),
(30, 'LED Bulb 9(W)', 'Electrical', 2328.54, 400.00, 10, 'https://objectstorage.ap-mumbai-1.oraclecloud.com/n/softlogicbicloud/b/cdn/o/products/BULPBUM07097--1--1529047255.jpeg', 1635.90, 2453.86, 1000.00),
(31, 'Ceiling Fan', 'Electrical', 15353.37, 8000.00, 5, 'https://objectstorage.ap-mumbai-1.oraclecloud.com/n/softlogicbicloud/b/cdn/o/products/New%20Quanta02-01_0--1633324327.jpg', 10783.22, 16174.84, 10000.00),
(32, 'PVC pipe (10ft, 1\")', 'Plumbing', 968.45, 800.00, 16, 'https://www.millerplastics.com/wp-content/uploads/2021/11/millerplasticproductsinc-94814-development-pvc-piping-blogbanner1.jpg', 776.39, 1164.59, 850.00),
(33, 'Pipe Fitting (elbow)', 'Plumbing', 4478.03, 8000.00, 8, 'https://images-cdn.ubuy.co.in/6358fe71cda3e96590137213-sourcing-map-3-way-elbow-pvc-pipe.jpg', 3145.50, 4718.24, 3200.00),
(34, 'Safety Gloves', 'Safety Equipment', 2265.37, 4000.00, 48, 'https://images.thdstatic.com/productImages/ebf6e44c-4c3c-44f1-80db-4510fd57b698/svn/west-chester-protective-gear-work-gloves-37208-mcc6-64_600.jpg', 1968.54, 2952.82, 1450.00),
(35, 'Screwdriver Set', 'Tools', 5896.51, 1500.00, 19, 'https://m.media-amazon.com/images/I/71sJ7IbukJL._AC_SL1500_.jpg', 4717.21, 7075.81, 4000.00),
(36, 'Measuring Tape (5m)', 'Tools', 1006.80, 3000.00, 9, 'https://encrypted-tbn0.gstatic.com/images?q=tbn:ANd9GcSVbdQhj5eptOHpIFNiAtf6UuFwW-lautVpXA&s', 707.39, 1061.09, 800.00),
(38, 'Hammer', 'Tools', 7612.55, 2000.00, 19, 'https://tchristy.com/wp-content/uploads/sites/2/2022/11/TC.HM_.034.png', 6074.02, 9111.02, 6500.00),
(50, 'Drilling Machine', 'Electrical', 29774.24, 1999.00, 20, 'https://th.bing.com/th/id/OIP.VAlgsL1UI1CfK6e-i0oPbAHaHf?cb=iwc1&rs=1&pid=ImgDetMain', 23819.39, 35729.09, 32000.00);

-- --------------------------------------------------------

--
-- Table structure for table `product_sales`
--

CREATE TABLE `product_sales` (
  `id` int(11) NOT NULL,
  `product_id` int(11) NOT NULL,
  `quantity_sold` int(11) NOT NULL,
  `sale_date` timestamp NOT NULL DEFAULT current_timestamp()
) ENGINE=InnoDB DEFAULT CHARSET=utf8mb4 COLLATE=utf8mb4_general_ci;

--
-- Dumping data for table `product_sales`
--

INSERT INTO `product_sales` (`id`, `product_id`, `quantity_sold`, `sale_date`) VALUES
(2, 27, 0, '2025-05-06 07:31:41'),
(8, 32, 18, '2025-05-07 00:43:51'),
(9, 26, 4, '2025-05-07 01:43:44'),
(10, 26, 4, '2025-05-07 02:03:10'),
(11, 27, 10, '2025-05-07 02:03:10'),
(12, 32, 4, '2025-05-07 02:05:11'),
(13, 27, 1, '2025-05-07 02:25:23'),
(14, 32, 1, '2025-05-07 02:25:23'),
(15, 27, 1, '2025-05-07 02:57:23'),
(16, 27, 2, '2025-05-07 02:59:55'),
(18, 32, 2, '2025-05-07 03:00:15'),
(19, 26, 1, '2025-05-07 03:54:26'),
(24, 26, 5, '2025-05-07 06:18:06'),
(25, 26, 3, '2025-05-07 06:20:27'),
(26, 31, 10, '2025-05-07 06:23:41'),
(27, 33, 20, '2025-05-07 06:42:35'),
(28, 33, 23, '2025-05-07 06:42:42'),
(29, 32, 100, '2025-05-07 07:20:05'),
(30, 33, 15, '2025-05-07 07:21:12'),
(31, 28, 2, '2025-05-16 04:01:56'),
(32, 28, 11, '2025-05-16 04:02:03'),
(33, 28, 12, '2025-05-16 04:02:37'),
(34, 36, 13, '2025-05-16 05:32:57'),
(35, 36, 14, '2025-05-16 05:38:40'),
(36, 38, 15, '2025-05-16 06:15:06'),
(37, 31, 10, '2025-05-16 06:17:40'),
(63, 33, 10, '2025-07-10 18:50:35'),
(66, 34, 10, '2025-07-15 10:41:19'),
(74, 26, 5, '2025-08-26 06:24:07'),
(75, 26, 42, '2025-09-22 09:39:33'),
(79, 30, 66, '2025-09-24 07:10:02'),
(82, 32, 30, '2025-09-26 16:30:44'),
(83, 26, 24, '2025-09-26 16:31:34'),
(84, 26, 15, '2025-09-27 00:15:09'),
(85, 26, 40, '2025-09-28 05:53:54'),
(86, 34, 52, '2025-09-28 11:05:24'),
(87, 26, 30, '2025-09-28 11:10:08'),
(101, 34, 24, '2025-09-28 12:07:20'),
(102, 34, 24, '2025-09-28 12:23:18'),
(105, 30, 17, '2025-09-28 12:24:00'),
(106, 30, 17, '2025-09-28 12:24:16'),
(107, 26, 11, '2025-09-28 12:29:04'),
(108, 32, 10, '2025-09-28 12:34:32'),
(109, 50, 41, '2025-09-28 12:39:43'),
(112, 38, 50, '2025-09-28 12:50:20'),
(116, 26, 46, '2025-09-28 12:59:34'),
(117, 30, 1, '2025-09-28 13:00:20'),
(118, 30, 48, '2025-09-28 13:00:40'),
(119, 34, 18, '2025-09-28 13:05:41'),
(120, 34, 18, '2025-09-28 13:06:18'),
(123, 26, 20, '2025-09-28 14:26:32'),
(124, 26, 20, '2025-09-28 14:27:03'),
(125, 26, 4, '2025-09-28 14:27:43'),
(126, 30, 15, '2025-09-28 14:28:24'),
(127, 38, 21, '2025-09-28 14:36:14'),
(128, 38, 29, '2025-09-28 14:36:36'),
(133, 27, 50, '2025-09-29 07:43:27'),
(134, 27, 23, '2025-09-29 07:45:01'),
(135, 50, 19, '2025-09-29 07:46:45'),
(136, 50, 30, '2025-09-29 07:47:48'),
(142, 28, 50, '2025-09-29 07:51:44'),
(143, 34, 20, '2025-09-29 07:52:24'),
(144, 26, 50, '2025-09-29 07:56:10'),
(147, 26, 10, '2025-10-04 07:30:45'),
(148, 26, 50, '2025-10-04 07:32:00'),
(149, 28, 20, '2025-10-04 14:01:56'),
(150, 26, 20, '2025-10-04 16:35:51'),
(151, 26, 51, '2025-10-12 13:58:13'),
(154, 30, 10, '2025-10-12 14:00:43'),
(155, 38, 32, '2025-10-13 13:49:28'),
(157, 27, 13, '2025-10-13 18:20:31'),
(158, 27, 13, '2025-10-13 18:20:47'),
(159, 30, 10, '2025-10-13 18:21:17'),
(160, 30, 10, '2025-10-13 18:21:55'),
(161, 31, 10, '2025-10-13 18:22:25'),
(162, 31, 10, '2025-10-13 18:23:06'),
(163, 32, 10, '2025-10-13 18:24:08'),
(164, 32, 10, '2025-10-13 18:24:39'),
(165, 31, 9, '2025-10-13 18:26:46'),
(172, 38, 10, '2025-10-14 02:55:23'),
(173, 38, 30, '2025-10-14 02:56:49'),
(174, 26, 10, '2025-10-14 05:54:41'),
(175, 26, 10, '2025-10-14 05:55:10'),
(176, 27, 20, '2025-10-14 05:58:58'),
(177, 27, 20, '2025-10-14 05:59:46'),
(178, 30, 20, '2025-10-14 06:02:30'),
(179, 30, 20, '2025-10-14 06:02:59'),
(180, 31, 20, '2025-10-14 06:03:34'),
(181, 31, 10, '2025-10-14 06:04:40'),
(187, 38, 20, '2025-10-14 06:11:40'),
(188, 50, 20, '2025-10-14 06:12:52'),
(189, 50, 10, '2025-10-14 06:13:14'),
(192, 26, 40, '2025-10-14 06:15:45'),
(193, 30, 11, '2025-10-14 06:16:37'),
(194, 30, 15, '2025-10-14 06:17:17'),
(200, 26, 20, '2025-10-14 06:24:23'),
(201, 30, 10, '2025-10-14 06:26:06'),
(202, 26, 10, '2025-10-14 06:27:12'),
(203, 32, 11, '2025-10-14 06:32:27'),
(204, 30, 10, '2025-10-14 06:33:26'),
(206, 30, 10, '2025-10-14 06:36:22'),
(207, 38, 20, '2025-10-14 06:37:26'),
(209, 50, 20, '2025-10-14 06:39:19'),
(212, 27, 20, '2025-10-14 06:44:01'),
(213, 26, 40, '2025-10-14 06:51:10'),
(214, 32, 9, '2025-10-14 06:52:08'),
(215, 38, 20, '2025-10-14 06:53:00'),
(216, 27, 30, '2025-10-14 06:54:31'),
(218, 27, 20, '2025-10-14 06:56:07'),
(224, 26, 10, '2025-10-14 07:06:19'),
(226, 26, 10, '2025-10-14 07:08:48'),
(228, 27, 10, '2025-10-14 07:11:30'),
(231, 26, 20, '2025-10-14 07:23:43'),
(235, 26, 20, '2025-10-14 07:55:05'),
(240, 30, 20, '2025-10-14 08:04:05'),
(241, 30, 10, '2025-10-14 08:09:47'),
(245, 34, 4, '2025-10-14 08:13:43'),
(246, 34, 4, '2025-10-14 08:13:43'),
(247, 35, 50, '2025-10-14 08:15:18'),
(249, 36, 20, '2025-10-14 08:28:26'),
(250, 26, 20, '2025-10-14 08:34:34'),
(251, 28, 30, '2025-10-14 08:38:24'),
(252, 31, 30, '2025-10-14 08:39:00'),
(254, 36, 20, '2025-10-14 08:40:19'),
(256, 31, 20, '2025-10-14 08:42:35'),
(257, 28, 20, '2025-10-14 08:43:07'),
(258, 50, 10, '2025-10-14 08:43:45'),
(259, 28, 10, '2025-10-14 08:45:31'),
(260, 35, 20, '2025-10-14 08:46:09'),
(262, 31, 10, '2025-10-14 08:52:52'),
(264, 35, 10, '2025-10-14 09:06:25'),
(267, 35, 30, '2025-10-14 09:16:03'),
(268, 31, 10, '2025-10-14 09:16:34'),
(269, 36, 20, '2025-10-14 09:17:14'),
(274, 35, 20, '2025-10-14 09:24:11'),
(275, 35, 20, '2025-10-14 09:28:14'),
(283, 33, 20, '2025-10-14 09:39:48'),
(284, 28, 10, '2025-10-14 09:47:49'),
(285, 50, 10, '2025-10-14 09:49:01'),
(288, 26, 20, '2025-10-14 09:55:19'),
(289, 34, 30, '2025-10-14 10:11:31'),
(290, 26, 20, '2025-10-14 10:35:42'),
(291, 26, 30, '2025-10-14 17:58:31'),
(292, 26, 30, '2025-10-16 07:22:24'),
(293, 26, 10, '2025-10-27 05:16:20'),
(294, 26, 20, '2025-10-27 10:52:52'),
(295, 33, 30, '2025-10-27 10:56:49'),
(296, 33, 31, '2025-10-27 10:57:30'),
(302, 30, 10, '2025-10-27 11:02:49'),
(303, 26, 60, '2025-10-27 11:49:04');

-- --------------------------------------------------------

--
-- Table structure for table `sales_analytics`
--

CREATE TABLE `sales_analytics` (
  `id` int(11) NOT NULL,
  `product_id` int(11) NOT NULL,
  `date` date NOT NULL,
  `units_sold` int(11) NOT NULL,
  `revenue` decimal(10,2) NOT NULL,
  `avg_price` decimal(10,2) NOT NULL
) ENGINE=InnoDB DEFAULT CHARSET=utf8mb4 COLLATE=utf8mb4_general_ci;

-- --------------------------------------------------------

--
-- Table structure for table `suppliers`
--

CREATE TABLE `suppliers` (
  `id` int(11) NOT NULL,
  `name` varchar(255) NOT NULL,
  `email` varchar(255) NOT NULL,
  `phone` varchar(20) DEFAULT NULL,
  `address` text DEFAULT NULL,
  `company_name` varchar(255) DEFAULT NULL,
  `contact_person` varchar(255) DEFAULT NULL,
  `created_at` timestamp NOT NULL DEFAULT current_timestamp(),
  `updated_at` timestamp NOT NULL DEFAULT current_timestamp() ON UPDATE current_timestamp()
) ENGINE=InnoDB DEFAULT CHARSET=utf8mb4 COLLATE=utf8mb4_unicode_ci;

--
-- Dumping data for table `suppliers`
--

INSERT INTO `suppliers` (`id`, `name`, `email`, `phone`, `address`, `company_name`, `contact_person`, `created_at`, `updated_at`) VALUES
(1, 'Ashrif', 'ashrif@gmail.com', '', '', 'Daraz', 'Assistent Manager', '2025-12-22 13:07:32', '2025-12-22 13:07:32'),
(2, 'ADH', 'ashrifxo@gmail.com', '0778899003', '165/A Home Road Kalmunai', 'Daraz', 'Sales Person', '2025-12-22 13:25:34', '2025-12-22 13:25:34');

-- --------------------------------------------------------

--
-- Table structure for table `users`
--

CREATE TABLE `users` (
  `id` int(11) NOT NULL,
  `username` varchar(50) NOT NULL,
  `email` varchar(100) NOT NULL,
  `password` varchar(255) NOT NULL,
  `created_at` timestamp NOT NULL DEFAULT current_timestamp(),
  `role` enum('customer','admin') DEFAULT 'customer'
) ENGINE=InnoDB DEFAULT CHARSET=utf8mb4 COLLATE=utf8mb4_general_ci;

--
-- Dumping data for table `users`
--

INSERT INTO `users` (`id`, `username`, `email`, `password`, `created_at`, `role`) VALUES
(19, 'A.M.Ashrif', 'ashrif552@gmail.com', '0099', '2025-12-23 16:19:37', 'customer'),
(27, 'A.M.Ashrif0', 'Ashrif0099@gmail.com', '$2y$10$PMGuypuv3L4TebOQTl6KFeIy1bBQQ3Sqs/H.PUrA0R9BhN/xlntc2', '2025-12-27 13:43:26', 'customer'),
(28, 'Ashrif_mhd', 'mhdashrif@gmail.com', '$2y$10$RL7lkYUXxcD7VKczuRHv8.f3rqjKSnT414/k87xoZxgQPXgw3.6M6', '2025-12-27 13:45:12', 'customer'),
(29, 'Ashrif_mhmd', 'mhmd@gmail.com', '223344', '2025-12-27 14:02:00', 'customer'),
(32, 'Ashrif_A.m', 'mm@gmail.com', '$2y$10$PuMH6uavAFnYiYQfFV5EKuSYu34cP.1JwXTDHtfiKDuYWhkhyB4U2', '2025-12-27 14:30:43', 'customer'),
(33, 'Ashrif098', '098@gmail.com', '$2y$10$dIYpp7uxse.zGUZ86P2b6eyVo3UXAbQp35/2IFFmWAQFuJE/cf9xS', '2025-12-30 05:00:19', 'admin'),
(34, '00Ashrif_mhd', 'mhd@gmail.com', '$2y$10$K2BCPOmtwQkUY8biwLN7yuPgz1uGgcwAqC9A9O3gwSDGElMleD1ee', '2025-12-30 05:23:36', 'admin'),
(36, 'Mohamed Aadhil', 'aadhil@gmail.com', '123123', '2025-12-30 05:43:39', 'customer'),
(38, 'Afnath Jahi', 'Jahi@gmail.com', '$2y$10$rszIIjHi7ePnjos6QTXptO0PfCcx3zrKcuuvMfv4oFju9HObDWJz2', '2026-01-01 17:25:02', 'admin');

--
-- Indexes for dumped tables
--

--
-- Indexes for table `cart`
--
ALTER TABLE `cart`
  ADD PRIMARY KEY (`id`),
  ADD KEY `product_id` (`product_id`);

--
-- Indexes for table `notifications`
--
ALTER TABLE `notifications`
  ADD PRIMARY KEY (`id`),
  ADD KEY `user_id` (`user_id`),
  ADD KEY `order_id` (`order_id`);

--
-- Indexes for table `orders`
--
ALTER TABLE `orders`
  ADD PRIMARY KEY (`id`);

--
-- Indexes for table `order_items`
--
ALTER TABLE `order_items`
  ADD PRIMARY KEY (`id`),
  ADD KEY `order_id` (`order_id`),
  ADD KEY `product_id` (`product_id`);

--
-- Indexes for table `price_history`
--
ALTER TABLE `price_history`
  ADD PRIMARY KEY (`id`);

--
-- Indexes for table `price_settings`
--
ALTER TABLE `price_settings`
  ADD PRIMARY KEY (`id`),
  ADD UNIQUE KEY `product_id` (`product_id`);

--
-- Indexes for table `products`
--
ALTER TABLE `products`
  ADD PRIMARY KEY (`id`);

--
-- Indexes for table `product_sales`
--
ALTER TABLE `product_sales`
  ADD PRIMARY KEY (`id`),
  ADD KEY `product_id` (`product_id`);

--
-- Indexes for table `sales_analytics`
--
ALTER TABLE `sales_analytics`
  ADD PRIMARY KEY (`id`);

--
-- Indexes for table `suppliers`
--
ALTER TABLE `suppliers`
  ADD PRIMARY KEY (`id`);

--
-- Indexes for table `users`
--
ALTER TABLE `users`
  ADD PRIMARY KEY (`id`),
  ADD UNIQUE KEY `username` (`username`),
  ADD UNIQUE KEY `email` (`email`);

--
-- AUTO_INCREMENT for dumped tables
--

--
-- AUTO_INCREMENT for table `cart`
--
ALTER TABLE `cart`
  MODIFY `id` int(11) NOT NULL AUTO_INCREMENT, AUTO_INCREMENT=133;

--
-- AUTO_INCREMENT for table `notifications`
--
ALTER TABLE `notifications`
  MODIFY `id` int(11) NOT NULL AUTO_INCREMENT, AUTO_INCREMENT=11;

--
-- AUTO_INCREMENT for table `orders`
--
ALTER TABLE `orders`
  MODIFY `id` int(11) NOT NULL AUTO_INCREMENT, AUTO_INCREMENT=47;

--
-- AUTO_INCREMENT for table `order_items`
--
ALTER TABLE `order_items`
  MODIFY `id` int(11) NOT NULL AUTO_INCREMENT, AUTO_INCREMENT=77;

--
-- AUTO_INCREMENT for table `price_history`
--
ALTER TABLE `price_history`
  MODIFY `id` int(11) NOT NULL AUTO_INCREMENT, AUTO_INCREMENT=2434;

--
-- AUTO_INCREMENT for table `price_settings`
--
ALTER TABLE `price_settings`
  MODIFY `id` int(11) NOT NULL AUTO_INCREMENT, AUTO_INCREMENT=13;

--
-- AUTO_INCREMENT for table `products`
--
ALTER TABLE `products`
  MODIFY `id` int(11) NOT NULL AUTO_INCREMENT, AUTO_INCREMENT=65;

--
-- AUTO_INCREMENT for table `product_sales`
--
ALTER TABLE `product_sales`
  MODIFY `id` int(11) NOT NULL AUTO_INCREMENT, AUTO_INCREMENT=305;

--
-- AUTO_INCREMENT for table `sales_analytics`
--
ALTER TABLE `sales_analytics`
  MODIFY `id` int(11) NOT NULL AUTO_INCREMENT;

--
-- AUTO_INCREMENT for table `suppliers`
--
ALTER TABLE `suppliers`
  MODIFY `id` int(11) NOT NULL AUTO_INCREMENT, AUTO_INCREMENT=3;

--
-- AUTO_INCREMENT for table `users`
--
ALTER TABLE `users`
  MODIFY `id` int(11) NOT NULL AUTO_INCREMENT, AUTO_INCREMENT=39;

--
-- Constraints for dumped tables
--

--
-- Constraints for table `cart`
--
ALTER TABLE `cart`
  ADD CONSTRAINT `cart_ibfk_1` FOREIGN KEY (`product_id`) REFERENCES `products` (`id`);

--
-- Constraints for table `order_items`
--
ALTER TABLE `order_items`
  ADD CONSTRAINT `order_items_ibfk_1` FOREIGN KEY (`order_id`) REFERENCES `orders` (`id`) ON DELETE CASCADE,
  ADD CONSTRAINT `order_items_ibfk_2` FOREIGN KEY (`product_id`) REFERENCES `products` (`id`);

--
-- Constraints for table `product_sales`
--
ALTER TABLE `product_sales`
  ADD CONSTRAINT `product_sales_ibfk_1` FOREIGN KEY (`product_id`) REFERENCES `products` (`id`);
COMMIT;

/*!40101 SET CHARACTER_SET_CLIENT=@OLD_CHARACTER_SET_CLIENT */;
/*!40101 SET CHARACTER_SET_RESULTS=@OLD_CHARACTER_SET_RESULTS */;
/*!40101 SET COLLATION_CONNECTION=@OLD_COLLATION_CONNECTION */;
